sku_marketplace_sku_vendido,sku_fiscal_entrada_transferencia,sku_bling_matriz,sku_bling_filial,componente_fiscal_base,fator_conversao_para_componente,ncm,origem_esperada_matriz,origem_esperada_filial,origem_atual_matriz,origem_atual_filial,unidade_fiscal,fonte_evidencia,confianca,incluir_reconciliacao
CJT2TP,CJT2TP,CJT2TP,CJT2TP,CJT2TP,1,7013.49.00,1,2,1,2,UN,"Bling Matriz CJT2TP: nome='Conjunto 3 Potes tampa de Bambu quadrado c/ Colher', un=UN, origem=1, ncm=7013.49.00 || Bling Filial CJT2TP: nome='Conjunto 3 Potes tampa de Bambu quadrado c/ Colher', un=Un, origem=2, ncm=7013.49.00 || Planilha: ESTOQUE desc='Conjunto 3 Potes tampa de Bambu quadrado c/ Colher' ncm='7013.42.90' || REGRA: SKU aparece na whitelist importada, mas sem evidência nas NFs de transferência analisadas || PLANILHA 20260501: Planilha ESTOQUE linha 4 NCM 7013.42.90, fora do escopo D2 NCM 7013.49.00.",baixa,nao
CK4742,CK4742,CK4742,CK4742,CK4742,1,7013.49.00,1,2,1,2,UN,"Bling Matriz CK4742: nome='Jarra Medidora de Vidro 500ml', un=UN, origem=1, ncm=7013.49.00 || Bling Filial CK4742: nome='Jarra Medidora de Vidro 500ml', un=Un, origem=2, ncm=7013.49.00 || REGRA: Bling classifica NCM 7013.49.00/origem=1, mas descrição é jarra medidora Clink; confirmar se entra no escopo fiscal importado GB || PLANILHA 20260501: Marca CLINK/estoque 0; precisa decisão Pedro/Suellen se entra como importado GB. || DECISÃO PEDRO 2026-05-01: Jarra Clink/CK4742 NÃO é importação própria da GB. Excluir totalmente de NFs fiscais de importados GB, mesmo com NCM 7013.49.00/origem inconsistente no Bling.",baixa,nao
CK4742_B,CK4742,CK4742,CK4742,CK4742,1,7013.49.00,1,2,1,2,UN,"Bling Matriz CK4742: nome='Jarra Medidora de Vidro 500ml', un=UN, origem=1, ncm=7013.49.00 || Bling Filial CK4742: nome='Jarra Medidora de Vidro 500ml', un=Un, origem=2, ncm=7013.49.00 || Planilha: ESTOQUE desc='Jarra Medidora Vidro 500ml, Clink' ncm='7013.49.00' | SHOPEE desc='Jarra Medidora Vidro 500ml, Clink' ncm='None' || REGRA: Bling classifica NCM 7013.49.00/origem=1, mas descrição é jarra medidora Clink; confirmar se entra no escopo fiscal importado GB || PLANILHA 20260501: Alias CK4742; marca CLINK/estoque 0; bloquear. || DECISÃO PEDRO 2026-05-01: Jarra Clink/CK4742 NÃO é importação própria da GB. Excluir totalmente de NFs fiscais de importados GB, mesmo com NCM 7013.49.00/origem inconsistente no Bling.",baixa,nao
CK4742_B2,CK4742,CK4742,CK4742,CK4742,1,7013.49.00,1,2,1,2,UN,"Bling Matriz CK4742: nome='Jarra Medidora de Vidro 500ml', un=UN, origem=1, ncm=7013.49.00 || Bling Filial CK4742: nome='Jarra Medidora de Vidro 500ml', un=Un, origem=2, ncm=7013.49.00 || REGRA: Bling classifica NCM 7013.49.00/origem=1, mas descrição é jarra medidora Clink; confirmar se entra no escopo fiscal importado GB || PLANILHA 20260501: Alias CK4742; marca CLINK/estoque 0; bloquear. || DECISÃO PEDRO 2026-05-01: Jarra Clink/CK4742 NÃO é importação própria da GB. Excluir totalmente de NFs fiscais de importados GB, mesmo com NCM 7013.49.00/origem inconsistente no Bling.",baixa,nao
CK4742_BB,CK4742,CK4742,CK4742,CK4742,1,7013.49.00,1,2,1,2,UN,"Bling Matriz CK4742: nome='Jarra Medidora de Vidro 500ml', un=UN, origem=1, ncm=7013.49.00 || Bling Filial CK4742: nome='Jarra Medidora de Vidro 500ml', un=Un, origem=2, ncm=7013.49.00 || Planilha: AMAZON desc='Jarra Medidora Vidro 500ml, Clink' ncm='None' || REGRA: Bling classifica NCM 7013.49.00/origem=1, mas descrição é jarra medidora Clink; confirmar se entra no escopo fiscal importado GB || PLANILHA 20260501: Alias CK4742; marca CLINK/estoque 0; bloquear. || DECISÃO PEDRO 2026-05-01: Jarra Clink/CK4742 NÃO é importação própria da GB. Excluir totalmente de NFs fiscais de importados GB, mesmo com NCM 7013.49.00/origem inconsistente no Bling.",baixa,nao
CXIMB501C,CXIMB501C,CXIMB501C,,IMB501C,12,7013.49.00,1,2,1,,UN,"NF 000600: desc='Caixa Conjunto de 5 Potes, Tampa Cinza 12UN', un=UN, qtd=166, NCM=7013.49.00, origem=2 || Bling Matriz CXIMB501C: nome='Caixa Conjunto de 5 Potes, Tampa Cinza 12UN', un=UN, origem=1, ncm=7013.49.00 || REGRA: CXIMB501 descrito em product-packaging como Caixa ... 12UN; confirma unidade CX nas NFs 000600 || PLANILHA 20260501: mantido do mapa v3 + relatório planilha.",alta,sim
CXIMB501P,CXIMB501P,CXIMB501P,,IMB501P,12,7013.49.00,1,2,1,,UN,"NF 000600: desc='Caixa Conjunto de 5 Potes, Tampa Preta 12UN', un=UN, qtd=166, NCM=7013.49.00, origem=2 || Bling Matriz CXIMB501P: nome='Caixa Conjunto de 5 Potes, Tampa Preta 12UN', un=UN, origem=1, ncm=7013.49.00 || REGRA: CXIMB501 descrito em product-packaging como Caixa ... 12UN; confirma unidade CX nas NFs 000600 || PLANILHA 20260501: mantido do mapa v3 + relatório planilha.",alta,sim
CXIMB501V,CXIMB501V,CXIMB501V,,IMB501V,12,7013.49.00,1,2,1,,UN,"NF 000600: desc='Caixa Conjunto de 5 Potes, Tampa Vermelha 12UN', un=UN, qtd=166, NCM=7013.49.00, origem=2 || Bling Matriz CXIMB501V: nome='Caixa Conjunto de 5 Potes, Tampa Vermelha 12UN', un=UN, origem=1, ncm=7013.49.00 || REGRA: CXIMB501 descrito em product-packaging como Caixa ... 12UN; confirma unidade CX nas NFs 000600 || PLANILHA 20260501: mantido do mapa v3 + relatório planilha.",alta,sim
IMB501C,IMB501C,IMB501C,IMB501C,IMB501C,1,7013.49.00,1,2,1,2,Un,"NF 000648: desc='Conjunto de 5 Potes, Tampa Cinza', un=CX, qtd=129, NCM=7013.49.00, origem=2 || NF 000649: desc='Conjunto de 5 Potes, Tampa Cinza', un=CX, qtd=116, NCM=7013.49.00, origem=2 || NF 000653: desc='Conjunto de 5 Potes, Tampa Cinza', un=CX, qtd=334, NCM=7013.49.00, origem=2 || NF 000028: desc='Conjunto de 5 Potes, Tampa Cinza', un=UN, qtd=24, NCM=7013.49.00, origem=2 || NF 000029: desc='Conjunto de 5 Potes, Tampa Cinza', un=UN, qtd=391, NCM=7013.49.00, origem=2 || Bling Matriz IMB501C: nome='Conjunto de 5 Potes, Tampa Cinza', un=Un, origem=1, ncm=7013.49.00 || REGRA: SKU base IMB; em vendas representa 1 conjunto; em NFs de entrada/transferência aparece un=CX e deve converter por 12 quando movimento fiscal for CX || PLANILHA 20260501: IMB501C/P/V e aliases aparecem nas 4 abas, NCM 7013.49.00, marca GB IMPORTADORA; fator comercial 1. Entrada CXIMB501* mantém fator 12 via NF 12UN.",alta,sim
IMB501CT,IMB501C,IMB501C,IMB501C,IMB501C,1,7013.49.00,1,2,1,2,Un,"NF 000648: desc='Conjunto de 5 Potes, Tampa Cinza', un=CX, qtd=129, NCM=7013.49.00, origem=2 || NF 000649: desc='Conjunto de 5 Potes, Tampa Cinza', un=CX, qtd=116, NCM=7013.49.00, origem=2 || NF 000653: desc='Conjunto de 5 Potes, Tampa Cinza', un=CX, qtd=334, NCM=7013.49.00, origem=2 || NF 000028: desc='Conjunto de 5 Potes, Tampa Cinza', un=UN, qtd=24, NCM=7013.49.00, origem=2 || NF 000029: desc='Conjunto de 5 Potes, Tampa Cinza', un=UN, qtd=391, NCM=7013.49.00, origem=2 || Bling Matriz IMB501C: nome='Conjunto de 5 Potes, Tampa Cinza', un=Un, origem=1, ncm=7013.49.00 || REGRA: SKU base IMB; em vendas representa 1 conjunto; em NFs de entrada/transferência aparece un=CX e deve converter por 12 quando movimento fiscal for CX || PLANILHA 20260501: IMB501C/P/V e aliases aparecem nas 4 abas, NCM 7013.49.00, marca GB IMPORTADORA; fator comercial 1. Entrada CXIMB501* mantém fator 12 via NF 12UN.",alta,sim
IMB501C_T,IMB501C,IMB501C,IMB501C,IMB501C,1,7013.49.00,1,2,1,2,Un,"NF 000648: desc='Conjunto de 5 Potes, Tampa Cinza', un=CX, qtd=129, NCM=7013.49.00, origem=2 || NF 000649: desc='Conjunto de 5 Potes, Tampa Cinza', un=CX, qtd=116, NCM=7013.49.00, origem=2 || NF 000653: desc='Conjunto de 5 Potes, Tampa Cinza', un=CX, qtd=334, NCM=7013.49.00, origem=2 || NF 000028: desc='Conjunto de 5 Potes, Tampa Cinza', un=UN, qtd=24, NCM=7013.49.00, origem=2 || NF 000029: desc='Conjunto de 5 Potes, Tampa Cinza', un=UN, qtd=391, NCM=7013.49.00, origem=2 || Bling Matriz IMB501C: nome='Conjunto de 5 Potes, Tampa Cinza', un=Un, origem=1, ncm=7013.49.00 || REGRA: SKU base IMB; em vendas representa 1 conjunto; em NFs de entrada/transferência aparece un=CX e deve converter por 12 quando movimento fiscal for CX || PLANILHA 20260501: IMB501C/P/V e aliases aparecem nas 4 abas, NCM 7013.49.00, marca GB IMPORTADORA; fator comercial 1. Entrada CXIMB501* mantém fator 12 via NF 12UN.",alta,sim
IMB501P,IMB501P,IMB501P,IMB501P,IMB501P,1,7013.49.00,1,2,1,2,Un,"NF 000648: desc='Conjunto de 5 Potes, Tampa Preta', un=CX, qtd=199, NCM=7013.49.00, origem=2 || NF 000649: desc='Conjunto de 5 Potes, Tampa Preta', un=CX, qtd=179, NCM=7013.49.00, origem=2 || NF 000653: desc='Conjunto de 5 Potes, Tampa Preta', un=CX, qtd=270, NCM=7013.49.00, origem=2 || NF 000028: desc='Conjunto de 5 Potes, Tampa Preta', un=UN, qtd=1311, NCM=7013.49.00, origem=2 || NF 000029: desc='Conjunto de 5 Potes, Tampa Preta', un=UN, qtd=21, NCM=7013.49.00, origem=2 || NF 000030: desc='Conjunto de 5 Potes, Tampa Preta', un=UN, qtd=28, NCM=7013.49.00, origem=2 || REGRA: SKU base IMB; em vendas representa 1 conjunto; em NFs de entrada/transferência aparece un=CX e deve converter por 12 quando movimento fiscal for CX || PLANILHA 20260501: IMB501C/P/V e aliases aparecem nas 4 abas, NCM 7013.49.00, marca GB IMPORTADORA; fator comercial 1. Entrada CXIMB501* mantém fator 12 via NF 12UN.",alta,sim
IMB501PT,IMB501P,IMB501P,IMB501P,IMB501P,1,7013.49.00,1,2,1,2,Un,"NF 000648: desc='Conjunto de 5 Potes, Tampa Preta', un=CX, qtd=199, NCM=7013.49.00, origem=2 || NF 000649: desc='Conjunto de 5 Potes, Tampa Preta', un=CX, qtd=179, NCM=7013.49.00, origem=2 || NF 000653: desc='Conjunto de 5 Potes, Tampa Preta', un=CX, qtd=270, NCM=7013.49.00, origem=2 || NF 000028: desc='Conjunto de 5 Potes, Tampa Preta', un=UN, qtd=1311, NCM=7013.49.00, origem=2 || NF 000029: desc='Conjunto de 5 Potes, Tampa Preta', un=UN, qtd=21, NCM=7013.49.00, origem=2 || NF 000030: desc='Conjunto de 5 Potes, Tampa Preta', un=UN, qtd=28, NCM=7013.49.00, origem=2 || REGRA: SKU base IMB; em vendas representa 1 conjunto; em NFs de entrada/transferência aparece un=CX e deve converter por 12 quando movimento fiscal for CX || PLANILHA 20260501: IMB501C/P/V e aliases aparecem nas 4 abas, NCM 7013.49.00, marca GB IMPORTADORA; fator comercial 1. Entrada CXIMB501* mantém fator 12 via NF 12UN.",alta,sim
IMB501P_T,IMB501P,IMB501P,IMB501P,IMB501P,1,7013.49.00,1,2,1,2,Un,"NF 000648: desc='Conjunto de 5 Potes, Tampa Preta', un=CX, qtd=199, NCM=7013.49.00, origem=2 || NF 000649: desc='Conjunto de 5 Potes, Tampa Preta', un=CX, qtd=179, NCM=7013.49.00, origem=2 || NF 000653: desc='Conjunto de 5 Potes, Tampa Preta', un=CX, qtd=270, NCM=7013.49.00, origem=2 || NF 000028: desc='Conjunto de 5 Potes, Tampa Preta', un=UN, qtd=1311, NCM=7013.49.00, origem=2 || NF 000029: desc='Conjunto de 5 Potes, Tampa Preta', un=UN, qtd=21, NCM=7013.49.00, origem=2 || NF 000030: desc='Conjunto de 5 Potes, Tampa Preta', un=UN, qtd=28, NCM=7013.49.00, origem=2 || REGRA: SKU base IMB; em vendas representa 1 conjunto; em NFs de entrada/transferência aparece un=CX e deve converter por 12 quando movimento fiscal for CX || PLANILHA 20260501: IMB501C/P/V e aliases aparecem nas 4 abas, NCM 7013.49.00, marca GB IMPORTADORA; fator comercial 1. Entrada CXIMB501* mantém fator 12 via NF 12UN.",alta,sim
IMB501V,IMB501V,IMB501V,IMB501V,IMB501V,1,7013.49.00,1,2,1,2,Un,"NF 000648: desc='Conjunto de 5 Potes, Tampa Vermelha', un=CX, qtd=200, NCM=7013.49.00, origem=2 || NF 000649: desc='Conjunto de 5 Potes, Tampa Vermelha', un=CX, qtd=180, NCM=7013.49.00, origem=2 || NF 000653: desc='Conjunto de 5 Potes, Tampa Vermelha', un=CX, qtd=269, NCM=7013.49.00, origem=2 || NF 000028: desc='Conjunto de 5 Potes, Tampa Vermelha', un=UN, qtd=40, NCM=7013.49.00, origem=2 || Bling Matriz IMB501V: nome='Conjunto de 5 Potes, Tampa Vermelha', un=Un, origem=1, ncm=7013.49.00 || Bling Filial IMB501V: nome='Conjunto de 5 Potes, Tampa Vermelha', un=, origem=2, ncm=7013.49.00 || REGRA: SKU base IMB; em vendas representa 1 conjunto; em NFs de entrada/transferência aparece un=CX e deve converter por 12 quando movimento fiscal for CX || PLANILHA 20260501: IMB501C/P/V e aliases aparecem nas 4 abas, NCM 7013.49.00, marca GB IMPORTADORA; fator comercial 1. Entrada CXIMB501* mantém fator 12 via NF 12UN.",alta,sim
IMB501VT,IMB501V,IMB501V,IMB501V,IMB501V,1,7013.49.00,1,2,1,2,Un,"NF 000648: desc='Conjunto de 5 Potes, Tampa Vermelha', un=CX, qtd=200, NCM=7013.49.00, origem=2 || NF 000649: desc='Conjunto de 5 Potes, Tampa Vermelha', un=CX, qtd=180, NCM=7013.49.00, origem=2 || NF 000653: desc='Conjunto de 5 Potes, Tampa Vermelha', un=CX, qtd=269, NCM=7013.49.00, origem=2 || NF 000028: desc='Conjunto de 5 Potes, Tampa Vermelha', un=UN, qtd=40, NCM=7013.49.00, origem=2 || Bling Matriz IMB501V: nome='Conjunto de 5 Potes, Tampa Vermelha', un=Un, origem=1, ncm=7013.49.00 || Bling Filial IMB501V: nome='Conjunto de 5 Potes, Tampa Vermelha', un=, origem=2, ncm=7013.49.00 || REGRA: SKU base IMB; em vendas representa 1 conjunto; em NFs de entrada/transferência aparece un=CX e deve converter por 12 quando movimento fiscal for CX || PLANILHA 20260501: IMB501C/P/V e aliases aparecem nas 4 abas, NCM 7013.49.00, marca GB IMPORTADORA; fator comercial 1. Entrada CXIMB501* mantém fator 12 via NF 12UN.",alta,sim
IMB501V_T,IMB501V,IMB501V,IMB501V,IMB501V,1,7013.49.00,1,2,1,2,Un,"NF 000648: desc='Conjunto de 5 Potes, Tampa Vermelha', un=CX, qtd=200, NCM=7013.49.00, origem=2 || NF 000649: desc='Conjunto de 5 Potes, Tampa Vermelha', un=CX, qtd=180, NCM=7013.49.00, origem=2 || NF 000653: desc='Conjunto de 5 Potes, Tampa Vermelha', un=CX, qtd=269, NCM=7013.49.00, origem=2 || NF 000028: desc='Conjunto de 5 Potes, Tampa Vermelha', un=UN, qtd=40, NCM=7013.49.00, origem=2 || Bling Matriz IMB501V: nome='Conjunto de 5 Potes, Tampa Vermelha', un=Un, origem=1, ncm=7013.49.00 || Bling Filial IMB501V: nome='Conjunto de 5 Potes, Tampa Vermelha', un=, origem=2, ncm=7013.49.00 || REGRA: SKU base IMB; em vendas representa 1 conjunto; em NFs de entrada/transferência aparece un=CX e deve converter por 12 quando movimento fiscal for CX || PLANILHA 20260501: IMB501C/P/V e aliases aparecem nas 4 abas, NCM 7013.49.00, marca GB IMPORTADORA; fator comercial 1. Entrada CXIMB501* mantém fator 12 via NF 12UN.",alta,sim
KIT2YW1050,KIT2YW1050,KIT2YW1050,,YW1050,2,7013.49.00,1,2,1,,CX,"NF 000598: desc='Conjunto 02 pçs pote hermético (1050ml x2) - CX c/12 conj', un=UN, qtd=8, NCM=7013.49.00, origem=1 || NF 000648: desc='Conjunto 02 pçs pote hermético (1050ml x2) - CX c/12 conj', un=CX, qtd=17, NCM=7013.49.00, origem=2 || NF 000649: desc='Conjunto 02 pçs pote hermético (1050ml x2) - CX c/12 conj', un=CX, qtd=15, NCM=7013.49.00, origem=2 || Bling Matriz KIT2YW1050: nome='Conjunto 02 pçs pote hermético (1050ml x2) - CX c/12 conj', un=, origem=1, ncm=7013.49.00 || Planilha: ESTOQUE desc='Kit 2pç 1050ml Retangular' ncm='7013.49.00' | SHOPEE desc='Kit 2 Pote de Vidro 1050ml Retangular' ncm='None' || REGRA: Padrão explícito KIT2YW1050: kit com 2 unidades do componente YW1050 || PLANILHA 20260501: KIT2/KIT4 confirmado na planilha ESTOQUE/MELI/SHOPEE/AMAZON; fator 2 ou 4 conforme descrição Kit 2pç/4pç.",alta,sim
KIT2YW1520,KIT2YW1520,KIT2YW1520,,YW1520,2,7013.49.00,1,2,1,,UN,"NF 000598: desc='Conjunto 02 pçs pote hermético (1520ml x2) - CX c/8 conj', un=UN, qtd=12, NCM=7013.49.00, origem=1 || NF 000648: desc='Conjunto 02 pçs pote hermético (1520ml x2) - CX c/8 conj', un=CX, qtd=25, NCM=7013.49.00, origem=2 || NF 000649: desc='Conjunto 02 pçs pote hermético (1520ml x2) - CX c/8 conj', un=CX, qtd=22, NCM=7013.49.00, origem=2 || Bling Matriz KIT2YW1520: nome='Conjunto 02 pçs pote hermético (1520ml x2) - CX c/8 conj', un=UN, origem=1, ncm=7013.49.00 || Planilha: ESTOQUE desc='Kit 2pç 1520ml Retangular' ncm='7013.49.00' || REGRA: Padrão explícito KIT2YW1520: kit com 2 unidades do componente YW1520 || PLANILHA 20260501: KIT2/KIT4 confirmado na planilha ESTOQUE/MELI/SHOPEE/AMAZON; fator 2 ou 4 conforme descrição Kit 2pç/4pç.",alta,sim
KIT2YW1520AZ,KIT2YW1520,KIT2YW1520,,YW1520,2,7013.49.00,1,2,1,,UN,"NF 000598: desc='Conjunto 02 pçs pote hermético (1520ml x2) - CX c/8 conj', un=UN, qtd=12, NCM=7013.49.00, origem=1 || NF 000648: desc='Conjunto 02 pçs pote hermético (1520ml x2) - CX c/8 conj', un=CX, qtd=25, NCM=7013.49.00, origem=2 || NF 000649: desc='Conjunto 02 pçs pote hermético (1520ml x2) - CX c/8 conj', un=CX, qtd=22, NCM=7013.49.00, origem=2 || Bling Matriz KIT2YW1520: nome='Conjunto 02 pçs pote hermético (1520ml x2) - CX c/8 conj', un=UN, origem=1, ncm=7013.49.00 || Planilha: SHOPEE desc='Kit 2 Pote de Vidro 1520ml Retangular' ncm='None' | MELI desc='2 Pote de Vidro Hermético 1520ml RETANGULAR' ncm='None' || REGRA: Padrão explícito KIT2YW1520: kit com 2 unidades do componente YW1520 || PLANILHA 20260501: KIT2/KIT4 confirmado na planilha ESTOQUE/MELI/SHOPEE/AMAZON; fator 2 ou 4 conforme descrição Kit 2pç/4pç.",alta,sim
KIT2YW320,KIT2YW320,KIT2YW320,,YW320SQ,2,7013.49.00,1,2,0,,UN,"NF 000598: desc='Conjunto 02 pçs pote hermético (320ml x2) - CX c/12 conj', un=UN, qtd=8, NCM=7013.49.00, origem=0 || NF 000648: desc='Conjunto 02 pçs pote hermético (320ml x2) - CX c/12 conj', un=CX, qtd=17, NCM=7013.49.00, origem=2 || NF 000649: desc='Conjunto 02 pçs pote hermético (320ml x2) - CX c/12 conj', un=CX, qtd=15, NCM=7013.49.00, origem=2 || Bling Matriz KIT2YW320: nome='Conjunto 02 pçs pote hermético (320ml x2) - CX c/12 conj', un=UN, origem=0, ncm=7013.49.00 || Planilha: ESTOQUE desc='Kit 2pç 320ml Quadrado' ncm='7013.49.00' | SHOPEE desc='Kit 2 Pote de Vidro 320ml Quadrado' ncm='None' || REGRA: Padrão explícito KIT2YW320: kit com 2 unidades do componente YW320; cadastro Matriz origem=0 pendente, bloqueia uso final até saneamento || PLANILHA 20260501: KIT2/KIT4 confirmado na planilha ESTOQUE/MELI/SHOPEE/AMAZON; fator 2 ou 4 conforme descrição Kit 2pç/4pç.",alta,sim
KIT2YW520SQ,KIT2YW520SQ,KIT2YW520SQ,,YW520SQ,2,7013.49.00,1,2,0,,UN,"NF 000598: desc='Conjunto 02 pçs pote hermético (520ml x2) - CX c/12 conj', un=UN, qtd=8, NCM=7013.49.00, origem=0 || NF 000648: desc='Conjunto 02 pçs pote hermético (520ml x2) - CX c/12 conj', un=CX, qtd=17, NCM=7013.49.00, origem=2 || NF 000649: desc='Conjunto 02 pçs pote hermético (520ml x2) - CX c/12 conj', un=CX, qtd=15, NCM=7013.49.00, origem=2 || Bling Matriz KIT2YW520SQ: nome='Conjunto 02 pçs pote hermético (520ml x2) - CX c/12 conj', un=UN, origem=0, ncm=7013.49.00 || Planilha: ESTOQUE desc='Kit 2pç 520ml Quadrado' ncm='7013.49.00' | SHOPEE desc='Kit 2 Pote de Vidro 520ml Quadrado' ncm='None' || REGRA: Padrão explícito KIT2YW520SQ: kit com 2 unidades do componente YW520SQ; cadastro Matriz origem=0 pendente, bloqueia uso final até saneamento || PLANILHA 20260501: KIT2/KIT4 confirmado na planilha ESTOQUE/MELI/SHOPEE/AMAZON; fator 2 ou 4 conforme descrição Kit 2pç/4pç.",alta,sim
KIT2YW640,KIT2YW640,KIT2YW640,,YW640,2,7013.49.00,1,2,1,,UN,"NF 000598: desc='Conjunto 02 pçs pote hermético (640ml x2) - CX c/12 conj', un=UN, qtd=8, NCM=7013.49.00, origem=1 || NF 000648: desc='Conjunto 02 pçs pote hermético (640ml x2) - CX c/12 conj', un=CX, qtd=17, NCM=7013.49.00, origem=2 || NF 000649: desc='Conjunto 02 pçs pote hermético (640ml x2) - CX c/12 conj', un=CX, qtd=15, NCM=7013.49.00, origem=2 || Bling Matriz KIT2YW640: nome='Conjunto 02 pçs pote hermético (640ml x2) - CX c/12 conj', un=UN, origem=1, ncm=7013.49.00 || Planilha: ESTOQUE desc='Kit 2pç 640ml Retangular' ncm='7013.49.00' | SHOPEE desc='Kit 2 Pote de Vidro 640ml Retangular' ncm='None' || REGRA: Padrão explícito KIT2YW640: kit com 2 unidades do componente YW640 || PLANILHA 20260501: KIT2/KIT4 confirmado na planilha ESTOQUE/MELI/SHOPEE/AMAZON; fator 2 ou 4 conforme descrição Kit 2pç/4pç.",alta,sim
KIT2YW800SQ,KIT2YW800SQ,KIT2YW800SQ,,YW800SQ,2,7013.49.00,1,2,0,,UN,"NF 000598: desc='Conjunto 02 pçs pote hermético (800ml x2) - CX c/12 conj', un=UN, qtd=8, NCM=7013.49.00, origem=0 || NF 000648: desc='Conjunto 02 pçs pote hermético (800ml x2) - CX c/12 conj', un=CX, qtd=17, NCM=7013.49.00, origem=2 || NF 000649: desc='Conjunto 02 pçs pote hermético (800ml x2) - CX c/12 conj', un=CX, qtd=15, NCM=7013.49.00, origem=2 || Bling Matriz KIT2YW800SQ: nome='Conjunto 02 pçs pote hermético (800ml x2) - CX c/12 conj', un=UN, origem=0, ncm=7013.49.00 || Planilha: ESTOQUE desc='Kit 2pç 800ml Quadrado' ncm='7013.49.00' | SHOPEE desc='Kit 2 Pote de Vidro 800ml Quadrado' ncm='None' || REGRA: Padrão explícito KIT2YW800SQ: kit com 2 unidades do componente YW800SQ; cadastro Matriz origem=0 pendente, bloqueia uso final até saneamento || PLANILHA 20260501: KIT2/KIT4 confirmado na planilha ESTOQUE/MELI/SHOPEE/AMAZON; fator 2 ou 4 conforme descrição Kit 2pç/4pç.",alta,sim
KIT2YW800SQ_T,KIT2YW800SQ,KIT2YW800SQ,,YW800SQ,2,7013.49.00,1,2,0,,UN,"NF 000598: desc='Conjunto 02 pçs pote hermético (800ml x2) - CX c/12 conj', un=UN, qtd=8, NCM=7013.49.00, origem=0 || NF 000648: desc='Conjunto 02 pçs pote hermético (800ml x2) - CX c/12 conj', un=CX, qtd=17, NCM=7013.49.00, origem=2 || NF 000649: desc='Conjunto 02 pçs pote hermético (800ml x2) - CX c/12 conj', un=CX, qtd=15, NCM=7013.49.00, origem=2 || Bling Matriz KIT2YW800SQ: nome='Conjunto 02 pçs pote hermético (800ml x2) - CX c/12 conj', un=UN, origem=0, ncm=7013.49.00 || Planilha: MELI desc='Kit 2 Pote de Vidro Hermético 800ml QUADRADO' ncm='None' | AMAZON desc='Kit 2 Pote de Vidro Hermético 800ml' ncm='None' || REGRA: Padrão explícito KIT2YW800SQ: kit com 2 unidades do componente YW800SQ; cadastro Matriz origem=0 pendente, bloqueia uso final até saneamento || PLANILHA 20260501: KIT2/KIT4 confirmado na planilha ESTOQUE/MELI/SHOPEE/AMAZON; fator 2 ou 4 conforme descrição Kit 2pç/4pç.",alta,sim
KIT4YW1050,KIT4YW1050,KIT4YW1050,,YW1050,4,7013.49.00,1,2,1,,UN,"NF 000598: desc='Conjunto 04 pçs pote hermético (1050ml x4) - CX c/6 conj', un=UN, qtd=17, NCM=7013.49.00, origem=1 || NF 000648: desc='Conjunto 04 pçs pote hermético (1050ml x4) - CX c/6 conj', un=CX, qtd=34, NCM=7013.49.00, origem=2 || NF 000649: desc='Conjunto 04 pçs pote hermético (1050ml x4) - CX c/6 conj', un=CX, qtd=30, NCM=7013.49.00, origem=2 || Bling Matriz KIT4YW1050: nome='Conjunto 04 pçs pote hermético (1050ml x4) - CX c/6 conj', un=UN, origem=1, ncm=7013.49.00 || Planilha: ESTOQUE desc='Kit 4pç 1050ml Retangular' ncm='7013.49.00' | SHOPEE desc='Kit 4 Pote de Vidro 1050ml Retangular' ncm='None' || REGRA: Padrão explícito KIT4YW1050: kit com 4 unidades do componente YW1050 || PLANILHA 20260501: KIT2/KIT4 confirmado na planilha ESTOQUE/MELI/SHOPEE/AMAZON; fator 2 ou 4 conforme descrição Kit 2pç/4pç.",alta,sim
KIT4YW1520,KIT4YW1520,KIT4YW1520,,YW1520,4,7013.49.00,1,2,1,,UN,"NF 000598: desc='Conjunto 04 pçs pote hermético (1520ml x4) - CX c/4 conj', un=UN, qtd=25, NCM=7013.49.00, origem=1 || NF 000648: desc='Conjunto 04 pçs pote hermético (1520ml x4) - CX c/4 conj', un=CX, qtd=50, NCM=7013.49.00, origem=2 || NF 000649: desc='Conjunto 04 pçs pote hermético (1520ml x4) - CX c/4 conj', un=CX, qtd=45, NCM=7013.49.00, origem=2 || Bling Matriz KIT4YW1520: nome='Conjunto 04 pçs pote hermético (1520ml x4) - CX c/4 conj', un=UN, origem=1, ncm=7013.49.00 || Planilha: ESTOQUE desc='Kit 4pç 1520ml Retangular' ncm='7013.49.00' || REGRA: Padrão explícito KIT4YW1520: kit com 4 unidades do componente YW1520 || PLANILHA 20260501: KIT2/KIT4 confirmado na planilha ESTOQUE/MELI/SHOPEE/AMAZON; fator 2 ou 4 conforme descrição Kit 2pç/4pç.",alta,sim
KIT4YW1520AZ,KIT4YW1520,KIT4YW1520,,YW1520,4,7013.49.00,1,2,1,,UN,"NF 000598: desc='Conjunto 04 pçs pote hermético (1520ml x4) - CX c/4 conj', un=UN, qtd=25, NCM=7013.49.00, origem=1 || NF 000648: desc='Conjunto 04 pçs pote hermético (1520ml x4) - CX c/4 conj', un=CX, qtd=50, NCM=7013.49.00, origem=2 || NF 000649: desc='Conjunto 04 pçs pote hermético (1520ml x4) - CX c/4 conj', un=CX, qtd=45, NCM=7013.49.00, origem=2 || Bling Matriz KIT4YW1520: nome='Conjunto 04 pçs pote hermético (1520ml x4) - CX c/4 conj', un=UN, origem=1, ncm=7013.49.00 || Planilha: SHOPEE desc='Kit 4 Pote de Vidro 1520ml Retangular' ncm='None' | MELI desc='4 Pote de Vidro Hermético 1520ml RETANGULAR' ncm='None' || REGRA: Padrão explícito KIT4YW1520: kit com 4 unidades do componente YW1520 || PLANILHA 20260501: KIT2/KIT4 confirmado na planilha ESTOQUE/MELI/SHOPEE/AMAZON; fator 2 ou 4 conforme descrição Kit 2pç/4pç.",alta,sim
KIT4YW320,KIT4YW320,KIT4YW320,,YW320SQ,4,7013.49.00,1,2,0,,UN,"NF 000598: desc='Conjunto 04 pçs pote hermético (320ml x4) - CX c/12 conj', un=UN, qtd=8, NCM=7013.49.00, origem=0 || NF 000648: desc='Conjunto 04 pçs pote hermético (320ml x4) - CX c/12 conj', un=CX, qtd=17, NCM=7013.49.00, origem=2 || NF 000649: desc='Conjunto 04 pçs pote hermético (320ml x4) - CX c/12 conj', un=CX, qtd=15, NCM=7013.49.00, origem=2 || Bling Matriz KIT4YW320: nome='Conjunto 04 pçs pote hermético (320ml x4) - CX c/12 conj', un=UN, origem=0, ncm=7013.49.00 || Planilha: ESTOQUE desc='Kit 4pç 320ml Quadrado' ncm='7013.49.00' | SHOPEE desc='Kit 4 Pote de Vidro 320ml Quadrado' ncm='None' || REGRA: Padrão explícito KIT4YW320: kit com 4 unidades do componente YW320; cadastro Matriz origem=0 pendente, bloqueia uso final até saneamento || PLANILHA 20260501: KIT2/KIT4 confirmado na planilha ESTOQUE/MELI/SHOPEE/AMAZON; fator 2 ou 4 conforme descrição Kit 2pç/4pç.",alta,sim
KIT4YW520SQ,KIT4YW520SQ,KIT4YW520SQ,,YW520SQ,4,7013.49.00,1,2,0,,UN,"NF 000598: desc='Conjunto 04 pçs pote hermético (520ml x4) - CX c/6 conj', un=UN, qtd=17, NCM=7013.49.00, origem=0 || NF 000648: desc='Conjunto 04 pçs pote hermético (520ml x4) - CX c/6 conj', un=CX, qtd=34, NCM=7013.49.00, origem=2 || NF 000649: desc='Conjunto 04 pçs pote hermético (520ml x4) - CX c/6 conj', un=CX, qtd=30, NCM=7013.49.00, origem=2 || Bling Matriz KIT4YW520SQ: nome='Conjunto 04 pçs pote hermético (520ml x4) - CX c/6 conj', un=UN, origem=0, ncm=7013.49.00 || Planilha: ESTOQUE desc='Kit 4pç 520ml Quadrado' ncm='7013.49.00' | SHOPEE desc='Kit 4 Pote de Vidro 520ml Quadrado' ncm='None' || REGRA: Padrão explícito KIT4YW520SQ: kit com 4 unidades do componente YW520SQ; cadastro Matriz origem=0 pendente, bloqueia uso final até saneamento || PLANILHA 20260501: KIT2/KIT4 confirmado na planilha ESTOQUE/MELI/SHOPEE/AMAZON; fator 2 ou 4 conforme descrição Kit 2pç/4pç.",alta,sim
KIT4YW640,KIT4YW640,KIT4YW640,,YW640,4,7013.49.00,1,2,1,,UN,"NF 000598: desc='Conjunto 04 pçs pote hermético (640ml x4) - CX c/6 conj', un=UN, qtd=17, NCM=7013.49.00, origem=1 || NF 000648: desc='Conjunto 04 pçs pote hermético (640ml x4) - CX c/6 conj', un=CX, qtd=34, NCM=7013.49.00, origem=2 || NF 000649: desc='Conjunto 04 pçs pote hermético (640ml x4) - CX c/6 conj', un=CX, qtd=30, NCM=7013.49.00, origem=2 || Bling Matriz KIT4YW640: nome='Conjunto 04 pçs pote hermético (640ml x4) - CX c/6 conj', un=UN, origem=1, ncm=7013.49.00 || Planilha: ESTOQUE desc='Kit 4pç 640ml Retangular' ncm='7013.49.00' | SHOPEE desc='Kit 4 Pote de Vidro 640ml Retangular' ncm='None' || REGRA: Padrão explícito KIT4YW640: kit com 4 unidades do componente YW640 || PLANILHA 20260501: KIT2/KIT4 confirmado na planilha ESTOQUE/MELI/SHOPEE/AMAZON; fator 2 ou 4 conforme descrição Kit 2pç/4pç.",alta,sim
KIT4YW800SQ,KIT4YW800SQ,KIT4YW800SQ,,YW800SQ,4,7013.49.00,1,2,0,,UN,"NF 000598: desc='Conjunto 04 pçs pote hermético (800ml x4) - CX c/6 conj', un=UN, qtd=16, NCM=7013.49.00, origem=0 || NF 000648: desc='Conjunto 04 pçs pote hermético (800ml x4) - CX c/6 conj', un=CX, qtd=34, NCM=7013.49.00, origem=2 || NF 000649: desc='Conjunto 04 pçs pote hermético (800ml x4) - CX c/6 conj', un=CX, qtd=30, NCM=7013.49.00, origem=2 || Bling Matriz KIT4YW800SQ: nome='Conjunto 04 pçs pote hermético (800ml x4) - CX c/6 conj', un=UN, origem=0, ncm=7013.49.00 || Planilha: ESTOQUE desc='Kit 4pç 800ml Quadrado' ncm='7013.49.00' || REGRA: Padrão explícito KIT4YW800SQ: kit com 4 unidades do componente YW800SQ; cadastro Matriz origem=0 pendente, bloqueia uso final até saneamento || PLANILHA 20260501: KIT2/KIT4 confirmado na planilha ESTOQUE/MELI/SHOPEE/AMAZON; fator 2 ou 4 conforme descrição Kit 2pç/4pç.",alta,sim
KIT4YW800SQ_T,KIT4YW800SQ,KIT4YW800SQ,,YW800SQ,4,7013.49.00,1,2,0,,UN,"NF 000598: desc='Conjunto 04 pçs pote hermético (800ml x4) - CX c/6 conj', un=UN, qtd=16, NCM=7013.49.00, origem=0 || NF 000648: desc='Conjunto 04 pçs pote hermético (800ml x4) - CX c/6 conj', un=CX, qtd=34, NCM=7013.49.00, origem=2 || NF 000649: desc='Conjunto 04 pçs pote hermético (800ml x4) - CX c/6 conj', un=CX, qtd=30, NCM=7013.49.00, origem=2 || Bling Matriz KIT4YW800SQ: nome='Conjunto 04 pçs pote hermético (800ml x4) - CX c/6 conj', un=UN, origem=0, ncm=7013.49.00 || Planilha: SHOPEE desc='Kit 4 Pote de Vidro 800ml Quadrado' ncm='None' | MELI desc='Kit 4 Pote de Vidro Hermético 800ml QUADRADO' ncm='None' || REGRA: Padrão explícito KIT4YW800SQ: kit com 4 unidades do componente YW800SQ; cadastro Matriz origem=0 pendente, bloqueia uso final até saneamento || PLANILHA 20260501: KIT2/KIT4 confirmado na planilha ESTOQUE/MELI/SHOPEE/AMAZON; fator 2 ou 4 conforme descrição Kit 2pç/4pç.",alta,sim
YW1050,YW1050,,YW1050,YW1050,1,7013.49.00,1,2,,2,UN,"NF 000028: desc='Pote de Vidro Hermético 1050ml RETANGULAR 20,5x15,7x7', un=UN, qtd=423, NCM=7013.49.00, origem=2 || NF 000029: desc='Pote de Vidro Hermético 1050ml RETANGULAR 20,5x15,7x7', un=UN, qtd=41, NCM=7013.49.00, origem=2 || NF 000030: desc='Pote de Vidro Hermético 1050ml RETANGULAR 20,5x15,7x7', un=UN, qtd=116, NCM=7013.49.00, origem=2 || Bling Filial YW1050: nome='Pote de Vidro Hermético 1050ml RETANGULAR 20,5x15,7x7', un=, origem=2, ncm=7013.49.00 || REGRA: Normalização YW1050 -> componente YW1050; sufixo RC/RCC indica variação/código fiscal, fator 1 || PLANILHA 20260501: mantido do mapa v3 + relatório planilha.",alta,sim
YW1050RC,YW1050RC,YW1050RC,,YW1050,1,7013.49.00,1,2,1,,UN,"NF 000653: desc='Pote de Vidro Hermético 1050ml Retangular 20,5x15,7x7', un=CX, qtd=176, NCM=7013.49.00, origem=2 || Bling Matriz YW1050RC: nome='Pote de Vidro Hermético 1050ml Retangular 20,5x15,7x7', un=UN, origem=1, ncm=7013.49.00 || Planilha: ESTOQUE desc='Pote Hermético Retangular 1050ml' ncm='7013.49.00' || REGRA: Normalização YW1050RC -> componente YW1050; sufixo RC/RCC indica variação/código fiscal, fator 1 || PLANILHA 20260501: mantido do mapa v3 + relatório planilha.",média,sim
YW1050RCC,YW1050RCC,YW1050RCC,,YW1050,12,7013.49.00,1,2,1,,UN,"NF 000598: desc='Pote hermético, vidro borosilicato c/ tampa PP, 1050ml - CX c/12 pcs', un=UN, qtd=75, NCM=7013.49.00, origem=1 || Bling Matriz YW1050RCC: nome='Pote hermético, vidro borosilicato c/ tampa PP, 1050ml - CX c/12 pcs', un=UN, origem=1, ncm=7013.49.00 || REGRA: Normalização YW1050RCC -> componente YW1050; sufixo RC/RCC indica variação/código fiscal, fator 1 || CORREÇÃO MAPA: fator 12 extraído diretamente da descrição 'CX c/12 pcs' na NF/Bling. || PLANILHA 20260501: mantido do mapa v3 + relatório planilha.",alta,sim
YW1520AZ,YW1520AZ,YW1520AZ,YW1520AZ,YW1520,1,7013.49.00,1,2,1,2,UN,"NF 000617: desc='Pote de Vidro Hermético 1520ml', un=UN, qtd=331, NCM=7013.49.00, origem=2 || NF 000618: desc='Pote de Vidro Hermético 1520ml', un=UN, qtd=120, NCM=7013.49.00, origem=2 || NF 000619: desc='Pote de Vidro Hermético 1520ml', un=UN, qtd=432, NCM=7013.49.00, origem=2 || NF 000028: desc='Pote de Vidro Hermético 1520ml', un=UN, qtd=337, NCM=7013.49.00, origem=2 || NF 000029: desc='Pote de Vidro Hermético 1520ml', un=UN, qtd=122, NCM=7013.49.00, origem=2 || NF 000030: desc='Pote de Vidro Hermético 1520ml', un=UN, qtd=441, NCM=7013.49.00, origem=2 || REGRA: Sem regra de conversão específica comprovada || CORREÇÃO MAPA: YW1520AZ descrito nas NFs internas como Pote de Vidro Hermético 1520ml; componente base YW1520. || PLANILHA 20260501:  Planilha confirma YW1520RC/KIT2/KIT4; YW1520AZ em MELI representa 1520ml retangular.",alta,sim
YW1520RC,YW1520RC,YW1520RC,YW1520RC,YW1520,1,7013.49.00,1,2,1,2,UN,"NF 000653: desc='Pote de Vidro Hermético 1520ml Retangular', un=CX, qtd=70, NCM=7013.49.00, origem=2 || Bling Matriz YW1520RC: nome='Pote de Vidro Hermético 1520ml Retangular', un=UN, origem=1, ncm=7013.49.00 || Bling Filial YW1520RC: nome='Pote de Vidro Hermético 1520ml, vedação na cor laranja', un=UN, origem=2, ncm=7013.49.00 || Planilha: ESTOQUE desc='Pote Hermético Retangular 1520ml' ncm='7013.49.00' || REGRA: Normalização YW1520RC -> componente YW1520; sufixo RC/RCC indica variação/código fiscal, fator 1 || PLANILHA 20260501:  Planilha confirma YW1520RC/KIT2/KIT4; YW1520AZ em MELI representa 1520ml retangular.",alta,sim
YW1520RCC,YW1520RCC,YW1520RCC,,YW1520,12, 7013.49.0,1,2,0,,UN,"NF 000598: desc='Pote hermético, vidro borosilicato c/ tampa PP, 1520ml - CX c/12 pcs', un=UN, qtd=75, NCM=7013.49.00, origem=0 || Bling Matriz YW1520RCC: nome='Pote hermético, vidro borosilicato c/ tampa PP, 1520ml - CX c/12 pcs', un=UN, origem=0, ncm= 7013.49.0 || REGRA: Normalização YW1520RCC -> componente YW1520; sufixo RC/RCC indica variação/código fiscal, fator 1 || CORREÇÃO MAPA: fator 12 extraído diretamente da descrição 'CX c/12 pcs' na NF/Bling. || PLANILHA 20260501:  Planilha confirma YW1520RC/KIT2/KIT4; YW1520AZ em MELI representa 1520ml retangular.",média,sim
YW320,YW320,,YW320,YW320SQ,1,7013.49.00,1,2,,2,UN,"NF 000028: desc='Pote de Vidro Hermético 320ml QUADRADO 12,1x12,1x7,6', un=UN, qtd=368, NCM=7013.49.00, origem=2 || NF 000029: desc='Pote de Vidro Hermético 320ml QUADRADO 12,1x12,1x7,6', un=UN, qtd=30, NCM=7013.49.00, origem=2 || NF 000030: desc='Pote de Vidro Hermético 320ml QUADRADO 12,1x12,1x7,6', un=UN, qtd=17, NCM=7013.49.00, origem=2 || Bling Filial YW320: nome='Pote de Vidro Hermético 320ml QUADRADO 12,1x12,1x7,6', un=, origem=2, ncm=7013.49.00 || Planilha: ESTOQUE desc='Pote de Vidro Hermético 320ml QUADRADO 12,1x12,1x7,6' ncm='7013.49.00' || REGRA: Normalização YW320 -> componente YW320; sufixo RC/RCC indica variação/código fiscal, fator 1 || PLANILHA 20260501:  YW320 comercial das abas representa Pote Quadrado 320ml; normalizado para YW320SQ.",alta,sim
YW320SQ,YW320SQ,YW320SQ,,YW320SQ,1,7013.49.00,1,2,1,,UN,"NF 000653: desc='Pote de Vidro Hermético 320ml Quadrado 12,1x12,1x7,6', un=CX, qtd=86, NCM=7013.49.00, origem=2 || Bling Matriz YW320SQ: nome='Pote de Vidro Hermético 320ml Quadrado 12,1x12,1x7,6', un=UN, origem=1, ncm=7013.49.00 || Planilha: ESTOQUE desc='Pote Hermético Quadrado 320ml' ncm='7013.49.00' || REGRA: Normalização YW320SQ -> componente YW320SQ; sufixo RC/RCC indica variação/código fiscal, fator 1 || PLANILHA 20260501: mantido do mapa v3 + relatório planilha.",alta,sim
YW320SQC,YW320SQC,YW320SQC,,YW320SQ,24,7013.49.00,1,2,0,,UN,"NF 000598: desc='Pote hermético, vidro borosilicato c/ tampa PP, 320ml - CX c/24 pcs', un=UN, qtd=37, NCM=7013.49.00, origem=0 || Bling Matriz YW320SQC: nome='Pote hermético, vidro borosilicato c/ tampa PP, 320ml - CX c/24 pcs', un=UN, origem=0, ncm=7013.49.00 || REGRA: Sem regra de conversão específica comprovada || CORREÇÃO MAPA: fator 24 extraído diretamente da descrição 'CX c/24 pcs' na NF/Bling. || CORREÇÃO MAPA v3: sufixo SQC normalizado para componente quadrado SQ. || PLANILHA 20260501:  YW320 comercial das abas representa Pote Quadrado 320ml; normalizado para YW320SQ.",média,sim
YW520SQ,YW520SQ,YW520SQ,,YW520SQ,1,7013.49.00,1,2,1,,Un,"NF 000653: desc='Pote de Vidro Hermético 520ml', un=CX, qtd=86, NCM=7013.49.00, origem=2 || Bling Matriz YW520SQ: nome='Pote de Vidro Hermético 520ml', un=Un, origem=1, ncm=7013.49.00 || Planilha: ESTOQUE desc='Pote de Vidro Hermético 520ml QUADRADO 14x14x7' ncm='7013.49.00' || REGRA: Normalização YW520SQ -> componente YW520SQ; sufixo RC/RCC indica variação/código fiscal, fator 1 || PLANILHA 20260501: mantido do mapa v3 + relatório planilha.",alta,sim
YW520SQC,YW520SQC,YW520SQC,,YW520SQ,24,7013.49.00,1,2,0,,UN,"NF 000598: desc='Pote hermético, vidro borosilicato c/ tampa PP, 520ml - CX c/24 pcs', un=UN, qtd=37, NCM=7013.49.00, origem=0 || Bling Matriz YW520SQC: nome='Pote hermético, vidro borosilicato c/ tampa PP, 520ml - CX c/24 pcs', un=, origem=0, ncm=7013.49.00 || REGRA: Sem regra de conversão específica comprovada || CORREÇÃO MAPA: fator 24 extraído diretamente da descrição 'CX c/24 pcs' na NF/Bling. || CORREÇÃO MAPA v3: sufixo SQC normalizado para componente quadrado SQ. || PLANILHA 20260501: mantido do mapa v3 + relatório planilha.",média,sim
YW520SQ_T,YW520SQ,YW520SQ,,YW520SQ,1,7013.49.00,1,2,1,2,Un,"NF 000028: desc='Pote de Vidro Hermético 520ml', un=UN, qtd=356, NCM=7013.49.00, origem=2 || NF 000029: desc='Pote de Vidro Hermético 520ml', un=UN, qtd=62, NCM=7013.49.00, origem=2 || NF 000030: desc='Pote de Vidro Hermético 520ml', un=UN, qtd=82, NCM=7013.49.00, origem=2 || NF 000653: desc='Pote de Vidro Hermético 520ml', un=CX, qtd=86, NCM=7013.49.00, origem=2 || Bling Matriz YW520SQ: nome='Pote de Vidro Hermético 520ml', un=Un, origem=1, ncm=7013.49.00 || Bling Filial YW520SQ: nome='Pote de Vidro Hermético 520ml', un=, origem=2, ncm=7013.49.00 || REGRA: Normalização YW520SQ -> componente YW520SQ; sufixo RC/RCC indica variação/código fiscal, fator 1 || PLANILHA 20260501: mantido do mapa v3 + relatório planilha.",alta,sim
YW640,YW640,,YW640,YW640,1,7013.49.00,1,2,,2,UN,"NF 000028: desc='Pote de Vidro Hermetico 640ml Retangular 18,2x13,5x6,2', un=UN, qtd=316, NCM=7013.49.00, origem=2 || NF 000029: desc='Pote de Vidro Hermetico 640ml Retangular 18,2x13,5x6,2', un=UN, qtd=50, NCM=7013.49.00, origem=2 || NF 000030: desc='Pote de Vidro Hermetico 640ml Retangular 18,2x13,5x6,2', un=UN, qtd=100, NCM=7013.49.00, origem=2 || Bling Filial YW640: nome='Pote de Vidro Hermetico 640ml Retangular 18,2x13,5x6,2', un=, origem=2, ncm=7013.49.00 || REGRA: Normalização YW640 -> componente YW640; sufixo RC/RCC indica variação/código fiscal, fator 1 || PLANILHA 20260501: mantido do mapa v3 + relatório planilha.",alta,sim
YW640RC,YW640RC,YW640RC,,YW640,1,7013.49.00,1,2,1,,UN,"NF 000653: desc='Pote de Vidro Hermético 640ml Retangular 18,2x13,5x6,2', un=CX, qtd=81, NCM=7013.49.00, origem=2 || Bling Matriz YW640RC: nome='Pote de Vidro Hermético 640ml Retangular 18,2x13,5x6,2', un=UN, origem=1, ncm=7013.49.00 || Planilha: ESTOQUE desc='Pote Hermético Retangular 640ml' ncm='7013.49.00' || REGRA: Normalização YW640RC -> componente YW640; sufixo RC/RCC indica variação/código fiscal, fator 1 || PLANILHA 20260501: mantido do mapa v3 + relatório planilha.",média,sim
YW640RCC,YW640RCC,YW640RCC,,YW640,24,7013.49.00,1,2,1,,UN,"NF 000598: desc='Pote hermético, vidro borosilicato c/ tampa PP, 640ml - CX c/24 pcs', un=UN, qtd=37, NCM=7013.49.00, origem=1 || Bling Matriz YW640RCC: nome='Pote hermético, vidro borosilicato c/ tampa PP, 640ml - CX c/24 pcs', un=UN, origem=1, ncm=7013.49.00 || REGRA: Normalização YW640RCC -> componente YW640; sufixo RC/RCC indica variação/código fiscal, fator 1 || CORREÇÃO MAPA: fator 24 extraído diretamente da descrição 'CX c/24 pcs' na NF/Bling. || PLANILHA 20260501: mantido do mapa v3 + relatório planilha.",alta,sim
YW800SQ,YW800SQ,YW800SQ,YW800SQ,YW800SQ,1,7013.49.00,1,2,1,2,Un,"NF 000617: desc='Pote de Vidro Hermético 800ml', un=UN, qtd=371, NCM=7013.49.00, origem=2 || NF 000618: desc='Pote de Vidro Hermético 800ml', un=UN, qtd=17, NCM=7013.49.00, origem=2 || NF 000619: desc='Pote de Vidro Hermético 800ml', un=UN, qtd=6, NCM=7013.49.00, origem=2 || NF 000653: desc='Pote de Vidro Hermético 800ml', un=CX, qtd=176, NCM=7013.49.00, origem=2 || NF 000028: desc='Pote de Vidro Hermético 800ml', un=UN, qtd=543, NCM=7013.49.00, origem=2 || NF 000029: desc='Pote de Vidro Hermético 800ml', un=UN, qtd=24, NCM=7013.49.00, origem=2 || REGRA: Normalização YW800SQ -> componente YW800SQ; sufixo RC/RCC indica variação/código fiscal, fator 1 || PLANILHA 20260501: mantido do mapa v3 + relatório planilha.",alta,sim
YW800SQC,YW800SQC,YW800SQC,,YW800SQ,12,7013.49.00,1,2,0,,UN,"NF 000598: desc='Pote hermético, vidro borosilicato c/ tampa PP, 800ml - CX c/12 pcs', un=UN, qtd=48, NCM=7013.49.00, origem=0 || Bling Matriz YW800SQC: nome='Pote hermético, vidro borosilicato c/ tampa PP, 800ml - CX c/12 pcs', un=UN, origem=0, ncm=7013.49.00 || REGRA: Sem regra de conversão específica comprovada || CORREÇÃO MAPA: fator 12 extraído diretamente da descrição 'CX c/12 pcs' na NF/Bling. || CORREÇÃO MAPA v3: sufixo SQC normalizado para componente quadrado SQ. || PLANILHA 20260501: mantido do mapa v3 + relatório planilha.",média,sim
YW800SQ_T,YW800SQ,YW800SQ,YW800SQ,YW800SQ,1,7013.49.00,1,2,1,2,Un,"NF 000617: desc='Pote de Vidro Hermético 800ml', un=UN, qtd=371, NCM=7013.49.00, origem=2 || NF 000618: desc='Pote de Vidro Hermético 800ml', un=UN, qtd=17, NCM=7013.49.00, origem=2 || NF 000619: desc='Pote de Vidro Hermético 800ml', un=UN, qtd=6, NCM=7013.49.00, origem=2 || NF 000653: desc='Pote de Vidro Hermético 800ml', un=CX, qtd=176, NCM=7013.49.00, origem=2 || NF 000028: desc='Pote de Vidro Hermético 800ml', un=UN, qtd=543, NCM=7013.49.00, origem=2 || NF 000029: desc='Pote de Vidro Hermético 800ml', un=UN, qtd=24, NCM=7013.49.00, origem=2 || REGRA: Normalização YW800SQ -> componente YW800SQ; sufixo RC/RCC indica variação/código fiscal, fator 1 || PLANILHA 20260501:  Alias YW800SQ_T confirmado nas abas para 800ml quadrado.",alta,sim
KIT3S096,KIT3S096,KIT3S096,,YW320SQ,1,7013.49.00,1,2,0,,CX,"NF 000598: desc='Conjunto 03 pçs pote hermético (320ml, 520ml, 800ml) - CX c/12 conj', un=UN, qtd=8, NCM=7013.49.00, origem=0 || NF 000648: desc='Conjunto 03 pçs pote hermético (320ml, 520ml, 800ml) - CX c/12 conj', un=CX, qtd=17, NCM=7013.49.00, origem=2 || NF 000649: desc='Conjunto 03 pçs pote hermético (320ml, 520ml, 800ml) - CX c/12 conj', un=CX, qtd=15, NCM=7013.49.00, origem=2 || Bling Matriz KIT3S096: nome='Conjunto 03 pçs pote hermético (320ml, 520ml, 800ml) - CX c/12 conj', un=, origem=0, ncm=7013.49.00 || Planilha: ESTOQUE desc='Kit 3pç (320+520+800ml) Quadrado' ncm='7013.49.00' || REGRA: Padrão KIT3S096 sugere kit com 3 peças, mas componente base S096/capacidade não está provado por cadastro fiscal; cadastro Matriz origem=0 pendente, bloqueia uso final até saneamento || PLANILHA 20260501: Planilha: Kit quadrado (320+520+800ml); MELI mostra componentes YW320/YW520SQ/YW800SQ_T; NCM 7013.49.00 GB IMPORTADORA.",alta,sim
KIT3S096,KIT3S096,KIT3S096,,YW520SQ,1,7013.49.00,1,2,0,,CX,"NF 000598: desc='Conjunto 03 pçs pote hermético (320ml, 520ml, 800ml) - CX c/12 conj', un=UN, qtd=8, NCM=7013.49.00, origem=0 || NF 000648: desc='Conjunto 03 pçs pote hermético (320ml, 520ml, 800ml) - CX c/12 conj', un=CX, qtd=17, NCM=7013.49.00, origem=2 || NF 000649: desc='Conjunto 03 pçs pote hermético (320ml, 520ml, 800ml) - CX c/12 conj', un=CX, qtd=15, NCM=7013.49.00, origem=2 || Bling Matriz KIT3S096: nome='Conjunto 03 pçs pote hermético (320ml, 520ml, 800ml) - CX c/12 conj', un=, origem=0, ncm=7013.49.00 || Planilha: ESTOQUE desc='Kit 3pç (320+520+800ml) Quadrado' ncm='7013.49.00' || REGRA: Padrão KIT3S096 sugere kit com 3 peças, mas componente base S096/capacidade não está provado por cadastro fiscal; cadastro Matriz origem=0 pendente, bloqueia uso final até saneamento || PLANILHA 20260501: Planilha: Kit quadrado (320+520+800ml); MELI mostra componentes YW320/YW520SQ/YW800SQ_T; NCM 7013.49.00 GB IMPORTADORA.",alta,sim
KIT3S096,KIT3S096,KIT3S096,,YW800SQ,1,7013.49.00,1,2,0,,CX,"NF 000598: desc='Conjunto 03 pçs pote hermético (320ml, 520ml, 800ml) - CX c/12 conj', un=UN, qtd=8, NCM=7013.49.00, origem=0 || NF 000648: desc='Conjunto 03 pçs pote hermético (320ml, 520ml, 800ml) - CX c/12 conj', un=CX, qtd=17, NCM=7013.49.00, origem=2 || NF 000649: desc='Conjunto 03 pçs pote hermético (320ml, 520ml, 800ml) - CX c/12 conj', un=CX, qtd=15, NCM=7013.49.00, origem=2 || Bling Matriz KIT3S096: nome='Conjunto 03 pçs pote hermético (320ml, 520ml, 800ml) - CX c/12 conj', un=, origem=0, ncm=7013.49.00 || Planilha: ESTOQUE desc='Kit 3pç (320+520+800ml) Quadrado' ncm='7013.49.00' || REGRA: Padrão KIT3S096 sugere kit com 3 peças, mas componente base S096/capacidade não está provado por cadastro fiscal; cadastro Matriz origem=0 pendente, bloqueia uso final até saneamento || PLANILHA 20260501: Planilha: Kit quadrado (320+520+800ml); MELI mostra componentes YW320/YW520SQ/YW800SQ_T; NCM 7013.49.00 GB IMPORTADORA.",alta,sim
096,KIT3S096,KIT3S096,,YW320SQ,1,7013.49.00,1,2,0,,CX,"NF 000598: desc='Conjunto 03 pçs pote hermético (320ml, 520ml, 800ml) - CX c/12 conj', un=UN, qtd=8, NCM=7013.49.00, origem=0 || NF 000648: desc='Conjunto 03 pçs pote hermético (320ml, 520ml, 800ml) - CX c/12 conj', un=CX, qtd=17, NCM=7013.49.00, origem=2 || NF 000649: desc='Conjunto 03 pçs pote hermético (320ml, 520ml, 800ml) - CX c/12 conj', un=CX, qtd=15, NCM=7013.49.00, origem=2 || Bling Matriz KIT3S096: nome='Conjunto 03 pçs pote hermético (320ml, 520ml, 800ml) - CX c/12 conj', un=, origem=0, ncm=7013.49.00 || Planilha: ESTOQUE desc='Kit 3pç (320+520+800ml) Quadrado' ncm='7013.49.00' || REGRA: Padrão KIT3S096 sugere kit com 3 peças, mas componente base S096/capacidade não está provado por cadastro fiscal; cadastro Matriz origem=0 pendente, bloqueia uso final até saneamento || PLANILHA 20260501: Planilha: Kit quadrado (320+520+800ml); MELI mostra componentes YW320/YW520SQ/YW800SQ_T; NCM 7013.49.00 GB IMPORTADORA.",alta,sim
096,KIT3S096,KIT3S096,,YW520SQ,1,7013.49.00,1,2,0,,CX,"NF 000598: desc='Conjunto 03 pçs pote hermético (320ml, 520ml, 800ml) - CX c/12 conj', un=UN, qtd=8, NCM=7013.49.00, origem=0 || NF 000648: desc='Conjunto 03 pçs pote hermético (320ml, 520ml, 800ml) - CX c/12 conj', un=CX, qtd=17, NCM=7013.49.00, origem=2 || NF 000649: desc='Conjunto 03 pçs pote hermético (320ml, 520ml, 800ml) - CX c/12 conj', un=CX, qtd=15, NCM=7013.49.00, origem=2 || Bling Matriz KIT3S096: nome='Conjunto 03 pçs pote hermético (320ml, 520ml, 800ml) - CX c/12 conj', un=, origem=0, ncm=7013.49.00 || Planilha: ESTOQUE desc='Kit 3pç (320+520+800ml) Quadrado' ncm='7013.49.00' || REGRA: Padrão KIT3S096 sugere kit com 3 peças, mas componente base S096/capacidade não está provado por cadastro fiscal; cadastro Matriz origem=0 pendente, bloqueia uso final até saneamento || PLANILHA 20260501: Planilha: Kit quadrado (320+520+800ml); MELI mostra componentes YW320/YW520SQ/YW800SQ_T; NCM 7013.49.00 GB IMPORTADORA.",alta,sim
096,KIT3S096,KIT3S096,,YW800SQ,1,7013.49.00,1,2,0,,CX,"NF 000598: desc='Conjunto 03 pçs pote hermético (320ml, 520ml, 800ml) - CX c/12 conj', un=UN, qtd=8, NCM=7013.49.00, origem=0 || NF 000648: desc='Conjunto 03 pçs pote hermético (320ml, 520ml, 800ml) - CX c/12 conj', un=CX, qtd=17, NCM=7013.49.00, origem=2 || NF 000649: desc='Conjunto 03 pçs pote hermético (320ml, 520ml, 800ml) - CX c/12 conj', un=CX, qtd=15, NCM=7013.49.00, origem=2 || Bling Matriz KIT3S096: nome='Conjunto 03 pçs pote hermético (320ml, 520ml, 800ml) - CX c/12 conj', un=, origem=0, ncm=7013.49.00 || Planilha: ESTOQUE desc='Kit 3pç (320+520+800ml) Quadrado' ncm='7013.49.00' || REGRA: Padrão KIT3S096 sugere kit com 3 peças, mas componente base S096/capacidade não está provado por cadastro fiscal; cadastro Matriz origem=0 pendente, bloqueia uso final até saneamento || PLANILHA 20260501: Planilha: Kit quadrado (320+520+800ml); MELI mostra componentes YW320/YW520SQ/YW800SQ_T; NCM 7013.49.00 GB IMPORTADORA.",alta,sim
KIT6S097,KIT6S097,KIT6S097,,YW320SQ,2,7013.49.00,1,2,0,,UN,"NF 000598: desc='Conjunto 06 pçs pote hermético (320ml x2, 520ml x2, 800ml x2) - CX c/6 conj', un=UN, qtd=17, NCM=7013.49.00, origem=0 || NF 000648: desc='Conjunto 06 pçs pote hermético (320ml x2, 520ml x2, 800ml x2) - CX c/6 conj', un=CX, qtd=34, NCM=7013.49.00, origem=2 || NF 000649: desc='Conjunto 06 pçs pote hermético (320ml x2, 520ml x2, 800ml x2) - CX c/6 conj', un=CX, qtd=30, NCM=7013.49.00, origem=2 || Bling Matriz KIT6S097: nome='Conjunto 06 pçs pote hermético (320ml x2, 520ml x2, 800ml x2) - CX c/6 conj', un=UN, origem=0, ncm=7013.49.00 || Planilha: ESTOQUE desc='Kit 6pç (2x320+2x520+2x800ml) Quad.' ncm='7013.49.00' || REGRA: Padrão KIT6S097 sugere kit com 6 peças, mas componente base S097/capacidade não está provado por cadastro fiscal; cadastro Matriz origem=0 pendente, bloqueia uso final até saneamento || PLANILHA 20260501: Planilha: Kit quadrado (320+520+800ml); MELI mostra componentes YW320/YW520SQ/YW800SQ_T; NCM 7013.49.00 GB IMPORTADORA.",alta,sim
KIT6S097,KIT6S097,KIT6S097,,YW520SQ,2,7013.49.00,1,2,0,,UN,"NF 000598: desc='Conjunto 06 pçs pote hermético (320ml x2, 520ml x2, 800ml x2) - CX c/6 conj', un=UN, qtd=17, NCM=7013.49.00, origem=0 || NF 000648: desc='Conjunto 06 pçs pote hermético (320ml x2, 520ml x2, 800ml x2) - CX c/6 conj', un=CX, qtd=34, NCM=7013.49.00, origem=2 || NF 000649: desc='Conjunto 06 pçs pote hermético (320ml x2, 520ml x2, 800ml x2) - CX c/6 conj', un=CX, qtd=30, NCM=7013.49.00, origem=2 || Bling Matriz KIT6S097: nome='Conjunto 06 pçs pote hermético (320ml x2, 520ml x2, 800ml x2) - CX c/6 conj', un=UN, origem=0, ncm=7013.49.00 || Planilha: ESTOQUE desc='Kit 6pç (2x320+2x520+2x800ml) Quad.' ncm='7013.49.00' || REGRA: Padrão KIT6S097 sugere kit com 6 peças, mas componente base S097/capacidade não está provado por cadastro fiscal; cadastro Matriz origem=0 pendente, bloqueia uso final até saneamento || PLANILHA 20260501: Planilha: Kit quadrado (320+520+800ml); MELI mostra componentes YW320/YW520SQ/YW800SQ_T; NCM 7013.49.00 GB IMPORTADORA.",alta,sim
KIT6S097,KIT6S097,KIT6S097,,YW800SQ,2,7013.49.00,1,2,0,,UN,"NF 000598: desc='Conjunto 06 pçs pote hermético (320ml x2, 520ml x2, 800ml x2) - CX c/6 conj', un=UN, qtd=17, NCM=7013.49.00, origem=0 || NF 000648: desc='Conjunto 06 pçs pote hermético (320ml x2, 520ml x2, 800ml x2) - CX c/6 conj', un=CX, qtd=34, NCM=7013.49.00, origem=2 || NF 000649: desc='Conjunto 06 pçs pote hermético (320ml x2, 520ml x2, 800ml x2) - CX c/6 conj', un=CX, qtd=30, NCM=7013.49.00, origem=2 || Bling Matriz KIT6S097: nome='Conjunto 06 pçs pote hermético (320ml x2, 520ml x2, 800ml x2) - CX c/6 conj', un=UN, origem=0, ncm=7013.49.00 || Planilha: ESTOQUE desc='Kit 6pç (2x320+2x520+2x800ml) Quad.' ncm='7013.49.00' || REGRA: Padrão KIT6S097 sugere kit com 6 peças, mas componente base S097/capacidade não está provado por cadastro fiscal; cadastro Matriz origem=0 pendente, bloqueia uso final até saneamento || PLANILHA 20260501: Planilha: Kit quadrado (320+520+800ml); MELI mostra componentes YW320/YW520SQ/YW800SQ_T; NCM 7013.49.00 GB IMPORTADORA.",alta,sim
097,KIT6S097,KIT6S097,,YW320SQ,2,7013.49.00,1,2,0,,UN,"NF 000598: desc='Conjunto 06 pçs pote hermético (320ml x2, 520ml x2, 800ml x2) - CX c/6 conj', un=UN, qtd=17, NCM=7013.49.00, origem=0 || NF 000648: desc='Conjunto 06 pçs pote hermético (320ml x2, 520ml x2, 800ml x2) - CX c/6 conj', un=CX, qtd=34, NCM=7013.49.00, origem=2 || NF 000649: desc='Conjunto 06 pçs pote hermético (320ml x2, 520ml x2, 800ml x2) - CX c/6 conj', un=CX, qtd=30, NCM=7013.49.00, origem=2 || Bling Matriz KIT6S097: nome='Conjunto 06 pçs pote hermético (320ml x2, 520ml x2, 800ml x2) - CX c/6 conj', un=UN, origem=0, ncm=7013.49.00 || Planilha: ESTOQUE desc='Kit 6pç (2x320+2x520+2x800ml) Quad.' ncm='7013.49.00' || REGRA: Padrão KIT6S097 sugere kit com 6 peças, mas componente base S097/capacidade não está provado por cadastro fiscal; cadastro Matriz origem=0 pendente, bloqueia uso final até saneamento || PLANILHA 20260501: Planilha: Kit quadrado (320+520+800ml); MELI mostra componentes YW320/YW520SQ/YW800SQ_T; NCM 7013.49.00 GB IMPORTADORA.",alta,sim
097,KIT6S097,KIT6S097,,YW520SQ,2,7013.49.00,1,2,0,,UN,"NF 000598: desc='Conjunto 06 pçs pote hermético (320ml x2, 520ml x2, 800ml x2) - CX c/6 conj', un=UN, qtd=17, NCM=7013.49.00, origem=0 || NF 000648: desc='Conjunto 06 pçs pote hermético (320ml x2, 520ml x2, 800ml x2) - CX c/6 conj', un=CX, qtd=34, NCM=7013.49.00, origem=2 || NF 000649: desc='Conjunto 06 pçs pote hermético (320ml x2, 520ml x2, 800ml x2) - CX c/6 conj', un=CX, qtd=30, NCM=7013.49.00, origem=2 || Bling Matriz KIT6S097: nome='Conjunto 06 pçs pote hermético (320ml x2, 520ml x2, 800ml x2) - CX c/6 conj', un=UN, origem=0, ncm=7013.49.00 || Planilha: ESTOQUE desc='Kit 6pç (2x320+2x520+2x800ml) Quad.' ncm='7013.49.00' || REGRA: Padrão KIT6S097 sugere kit com 6 peças, mas componente base S097/capacidade não está provado por cadastro fiscal; cadastro Matriz origem=0 pendente, bloqueia uso final até saneamento || PLANILHA 20260501: Planilha: Kit quadrado (320+520+800ml); MELI mostra componentes YW320/YW520SQ/YW800SQ_T; NCM 7013.49.00 GB IMPORTADORA.",alta,sim
097,KIT6S097,KIT6S097,,YW800SQ,2,7013.49.00,1,2,0,,UN,"NF 000598: desc='Conjunto 06 pçs pote hermético (320ml x2, 520ml x2, 800ml x2) - CX c/6 conj', un=UN, qtd=17, NCM=7013.49.00, origem=0 || NF 000648: desc='Conjunto 06 pçs pote hermético (320ml x2, 520ml x2, 800ml x2) - CX c/6 conj', un=CX, qtd=34, NCM=7013.49.00, origem=2 || NF 000649: desc='Conjunto 06 pçs pote hermético (320ml x2, 520ml x2, 800ml x2) - CX c/6 conj', un=CX, qtd=30, NCM=7013.49.00, origem=2 || Bling Matriz KIT6S097: nome='Conjunto 06 pçs pote hermético (320ml x2, 520ml x2, 800ml x2) - CX c/6 conj', un=UN, origem=0, ncm=7013.49.00 || Planilha: ESTOQUE desc='Kit 6pç (2x320+2x520+2x800ml) Quad.' ncm='7013.49.00' || REGRA: Padrão KIT6S097 sugere kit com 6 peças, mas componente base S097/capacidade não está provado por cadastro fiscal; cadastro Matriz origem=0 pendente, bloqueia uso final até saneamento || PLANILHA 20260501: Planilha: Kit quadrado (320+520+800ml); MELI mostra componentes YW320/YW520SQ/YW800SQ_T; NCM 7013.49.00 GB IMPORTADORA.",alta,sim
KIT9S098,KIT9S098,KIT9S098,,YW320SQ,3,7013.49.00,1,2,0,,UN,"NF 000598: desc='Conjunto 09 pçs pote hermético (320ml x3, 520ml x3, 800ml x3) - CX c/2 conj', un=UN, qtd=50, NCM=7013.49.00, origem=0 || NF 000648: desc='Conjunto 09 pçs pote hermético (320ml x3, 520ml x3, 800ml x3) - CX c/2 conj', un=CX, qtd=100, NCM=7013.49.00, origem=2 || NF 000649: desc='Conjunto 09 pçs pote hermético (320ml x3, 520ml x3, 800ml x3) - CX c/2 conj', un=CX, qtd=90, NCM=7013.49.00, origem=2 || Bling Matriz KIT9S098: nome='Conjunto 09 pçs pote hermético (320ml x3, 520ml x3, 800ml x3) - CX c/2 conj', un=UN, origem=0, ncm=7013.49.00 || Planilha: ESTOQUE desc='Kit 9pç (3x320+3x520+3x800ml) Quad.' ncm='7013.49.00' || REGRA: Padrão KIT9S098 sugere kit com 9 peças, mas componente base S098/capacidade não está provado por cadastro fiscal; cadastro Matriz origem=0 pendente, bloqueia uso final até saneamento || PLANILHA 20260501: Planilha: Kit quadrado (320+520+800ml); MELI mostra componentes YW320/YW520SQ/YW800SQ_T; NCM 7013.49.00 GB IMPORTADORA.",alta,sim
KIT9S098,KIT9S098,KIT9S098,,YW520SQ,3,7013.49.00,1,2,0,,UN,"NF 000598: desc='Conjunto 09 pçs pote hermético (320ml x3, 520ml x3, 800ml x3) - CX c/2 conj', un=UN, qtd=50, NCM=7013.49.00, origem=0 || NF 000648: desc='Conjunto 09 pçs pote hermético (320ml x3, 520ml x3, 800ml x3) - CX c/2 conj', un=CX, qtd=100, NCM=7013.49.00, origem=2 || NF 000649: desc='Conjunto 09 pçs pote hermético (320ml x3, 520ml x3, 800ml x3) - CX c/2 conj', un=CX, qtd=90, NCM=7013.49.00, origem=2 || Bling Matriz KIT9S098: nome='Conjunto 09 pçs pote hermético (320ml x3, 520ml x3, 800ml x3) - CX c/2 conj', un=UN, origem=0, ncm=7013.49.00 || Planilha: ESTOQUE desc='Kit 9pç (3x320+3x520+3x800ml) Quad.' ncm='7013.49.00' || REGRA: Padrão KIT9S098 sugere kit com 9 peças, mas componente base S098/capacidade não está provado por cadastro fiscal; cadastro Matriz origem=0 pendente, bloqueia uso final até saneamento || PLANILHA 20260501: Planilha: Kit quadrado (320+520+800ml); MELI mostra componentes YW320/YW520SQ/YW800SQ_T; NCM 7013.49.00 GB IMPORTADORA.",alta,sim
KIT9S098,KIT9S098,KIT9S098,,YW800SQ,3,7013.49.00,1,2,0,,UN,"NF 000598: desc='Conjunto 09 pçs pote hermético (320ml x3, 520ml x3, 800ml x3) - CX c/2 conj', un=UN, qtd=50, NCM=7013.49.00, origem=0 || NF 000648: desc='Conjunto 09 pçs pote hermético (320ml x3, 520ml x3, 800ml x3) - CX c/2 conj', un=CX, qtd=100, NCM=7013.49.00, origem=2 || NF 000649: desc='Conjunto 09 pçs pote hermético (320ml x3, 520ml x3, 800ml x3) - CX c/2 conj', un=CX, qtd=90, NCM=7013.49.00, origem=2 || Bling Matriz KIT9S098: nome='Conjunto 09 pçs pote hermético (320ml x3, 520ml x3, 800ml x3) - CX c/2 conj', un=UN, origem=0, ncm=7013.49.00 || Planilha: ESTOQUE desc='Kit 9pç (3x320+3x520+3x800ml) Quad.' ncm='7013.49.00' || REGRA: Padrão KIT9S098 sugere kit com 9 peças, mas componente base S098/capacidade não está provado por cadastro fiscal; cadastro Matriz origem=0 pendente, bloqueia uso final até saneamento || PLANILHA 20260501: Planilha: Kit quadrado (320+520+800ml); MELI mostra componentes YW320/YW520SQ/YW800SQ_T; NCM 7013.49.00 GB IMPORTADORA.",alta,sim
098,KIT9S098,KIT9S098,,YW320SQ,3,7013.49.00,1,2,0,,UN,"NF 000598: desc='Conjunto 09 pçs pote hermético (320ml x3, 520ml x3, 800ml x3) - CX c/2 conj', un=UN, qtd=50, NCM=7013.49.00, origem=0 || NF 000648: desc='Conjunto 09 pçs pote hermético (320ml x3, 520ml x3, 800ml x3) - CX c/2 conj', un=CX, qtd=100, NCM=7013.49.00, origem=2 || NF 000649: desc='Conjunto 09 pçs pote hermético (320ml x3, 520ml x3, 800ml x3) - CX c/2 conj', un=CX, qtd=90, NCM=7013.49.00, origem=2 || Bling Matriz KIT9S098: nome='Conjunto 09 pçs pote hermético (320ml x3, 520ml x3, 800ml x3) - CX c/2 conj', un=UN, origem=0, ncm=7013.49.00 || Planilha: ESTOQUE desc='Kit 9pç (3x320+3x520+3x800ml) Quad.' ncm='7013.49.00' || REGRA: Padrão KIT9S098 sugere kit com 9 peças, mas componente base S098/capacidade não está provado por cadastro fiscal; cadastro Matriz origem=0 pendente, bloqueia uso final até saneamento || PLANILHA 20260501: Planilha: Kit quadrado (320+520+800ml); MELI mostra componentes YW320/YW520SQ/YW800SQ_T; NCM 7013.49.00 GB IMPORTADORA.",alta,sim
098,KIT9S098,KIT9S098,,YW520SQ,3,7013.49.00,1,2,0,,UN,"NF 000598: desc='Conjunto 09 pçs pote hermético (320ml x3, 520ml x3, 800ml x3) - CX c/2 conj', un=UN, qtd=50, NCM=7013.49.00, origem=0 || NF 000648: desc='Conjunto 09 pçs pote hermético (320ml x3, 520ml x3, 800ml x3) - CX c/2 conj', un=CX, qtd=100, NCM=7013.49.00, origem=2 || NF 000649: desc='Conjunto 09 pçs pote hermético (320ml x3, 520ml x3, 800ml x3) - CX c/2 conj', un=CX, qtd=90, NCM=7013.49.00, origem=2 || Bling Matriz KIT9S098: nome='Conjunto 09 pçs pote hermético (320ml x3, 520ml x3, 800ml x3) - CX c/2 conj', un=UN, origem=0, ncm=7013.49.00 || Planilha: ESTOQUE desc='Kit 9pç (3x320+3x520+3x800ml) Quad.' ncm='7013.49.00' || REGRA: Padrão KIT9S098 sugere kit com 9 peças, mas componente base S098/capacidade não está provado por cadastro fiscal; cadastro Matriz origem=0 pendente, bloqueia uso final até saneamento || PLANILHA 20260501: Planilha: Kit quadrado (320+520+800ml); MELI mostra componentes YW320/YW520SQ/YW800SQ_T; NCM 7013.49.00 GB IMPORTADORA.",alta,sim
098,KIT9S098,KIT9S098,,YW800SQ,3,7013.49.00,1,2,0,,UN,"NF 000598: desc='Conjunto 09 pçs pote hermético (320ml x3, 520ml x3, 800ml x3) - CX c/2 conj', un=UN, qtd=50, NCM=7013.49.00, origem=0 || NF 000648: desc='Conjunto 09 pçs pote hermético (320ml x3, 520ml x3, 800ml x3) - CX c/2 conj', un=CX, qtd=100, NCM=7013.49.00, origem=2 || NF 000649: desc='Conjunto 09 pçs pote hermético (320ml x3, 520ml x3, 800ml x3) - CX c/2 conj', un=CX, qtd=90, NCM=7013.49.00, origem=2 || Bling Matriz KIT9S098: nome='Conjunto 09 pçs pote hermético (320ml x3, 520ml x3, 800ml x3) - CX c/2 conj', un=UN, origem=0, ncm=7013.49.00 || Planilha: ESTOQUE desc='Kit 9pç (3x320+3x520+3x800ml) Quad.' ncm='7013.49.00' || REGRA: Padrão KIT9S098 sugere kit com 9 peças, mas componente base S098/capacidade não está provado por cadastro fiscal; cadastro Matriz origem=0 pendente, bloqueia uso final até saneamento || PLANILHA 20260501: Planilha: Kit quadrado (320+520+800ml); MELI mostra componentes YW320/YW520SQ/YW800SQ_T; NCM 7013.49.00 GB IMPORTADORA.",alta,sim
KIT3S099,KIT3S099,KIT3S099,,YW640,1,7013.49.00,1,2,0,,UN,"NF 000598: desc='Conjunto 03 pçs pote hermético (640ml, 1050ml, 1520ml) - CX c/8 conj', un=UN, qtd=12, NCM=7013.49.00, origem=0 || NF 000648: desc='Conjunto 03 pçs pote hermético (640ml, 1050ml, 1520ml) - CX c/8 conj', un=CX, qtd=25, NCM=7013.49.00, origem=2 || NF 000649: desc='Conjunto 03 pçs pote hermético (640ml, 1050ml, 1520ml) - CX c/8 conj', un=CX, qtd=22, NCM=7013.49.00, origem=2 || Bling Matriz KIT3S099: nome='Conjunto 03 pçs pote hermético (640ml, 1050ml, 1520ml) - CX c/8 conj', un=UN, origem=0, ncm=7013.49.00 || Planilha: ESTOQUE desc='Kit 3pç (640+1050+1520ml) Retangular' ncm='7013.49.00' || REGRA: Padrão KIT3S099 sugere kit com 3 peças, mas componente base S099/capacidade não está provado por cadastro fiscal; cadastro Matriz origem=0 pendente, bloqueia uso final até saneamento || PLANILHA 20260501: Planilha: Kit retangular (640+1050+1520ml); MELI mostra componentes YW640/YW1050/YW1520AZ; NCM 7013.49.00 GB IMPORTADORA.",alta,sim
KIT3S099,KIT3S099,KIT3S099,,YW1050,1,7013.49.00,1,2,0,,UN,"NF 000598: desc='Conjunto 03 pçs pote hermético (640ml, 1050ml, 1520ml) - CX c/8 conj', un=UN, qtd=12, NCM=7013.49.00, origem=0 || NF 000648: desc='Conjunto 03 pçs pote hermético (640ml, 1050ml, 1520ml) - CX c/8 conj', un=CX, qtd=25, NCM=7013.49.00, origem=2 || NF 000649: desc='Conjunto 03 pçs pote hermético (640ml, 1050ml, 1520ml) - CX c/8 conj', un=CX, qtd=22, NCM=7013.49.00, origem=2 || Bling Matriz KIT3S099: nome='Conjunto 03 pçs pote hermético (640ml, 1050ml, 1520ml) - CX c/8 conj', un=UN, origem=0, ncm=7013.49.00 || Planilha: ESTOQUE desc='Kit 3pç (640+1050+1520ml) Retangular' ncm='7013.49.00' || REGRA: Padrão KIT3S099 sugere kit com 3 peças, mas componente base S099/capacidade não está provado por cadastro fiscal; cadastro Matriz origem=0 pendente, bloqueia uso final até saneamento || PLANILHA 20260501: Planilha: Kit retangular (640+1050+1520ml); MELI mostra componentes YW640/YW1050/YW1520AZ; NCM 7013.49.00 GB IMPORTADORA.",alta,sim
KIT3S099,KIT3S099,KIT3S099,,YW1520,1,7013.49.00,1,2,0,,UN,"NF 000598: desc='Conjunto 03 pçs pote hermético (640ml, 1050ml, 1520ml) - CX c/8 conj', un=UN, qtd=12, NCM=7013.49.00, origem=0 || NF 000648: desc='Conjunto 03 pçs pote hermético (640ml, 1050ml, 1520ml) - CX c/8 conj', un=CX, qtd=25, NCM=7013.49.00, origem=2 || NF 000649: desc='Conjunto 03 pçs pote hermético (640ml, 1050ml, 1520ml) - CX c/8 conj', un=CX, qtd=22, NCM=7013.49.00, origem=2 || Bling Matriz KIT3S099: nome='Conjunto 03 pçs pote hermético (640ml, 1050ml, 1520ml) - CX c/8 conj', un=UN, origem=0, ncm=7013.49.00 || Planilha: ESTOQUE desc='Kit 3pç (640+1050+1520ml) Retangular' ncm='7013.49.00' || REGRA: Padrão KIT3S099 sugere kit com 3 peças, mas componente base S099/capacidade não está provado por cadastro fiscal; cadastro Matriz origem=0 pendente, bloqueia uso final até saneamento || PLANILHA 20260501: Planilha: Kit retangular (640+1050+1520ml); MELI mostra componentes YW640/YW1050/YW1520AZ; NCM 7013.49.00 GB IMPORTADORA.",alta,sim
099,KIT3S099,KIT3S099,,YW640,1,7013.49.00,1,2,0,,UN,"NF 000598: desc='Conjunto 03 pçs pote hermético (640ml, 1050ml, 1520ml) - CX c/8 conj', un=UN, qtd=12, NCM=7013.49.00, origem=0 || NF 000648: desc='Conjunto 03 pçs pote hermético (640ml, 1050ml, 1520ml) - CX c/8 conj', un=CX, qtd=25, NCM=7013.49.00, origem=2 || NF 000649: desc='Conjunto 03 pçs pote hermético (640ml, 1050ml, 1520ml) - CX c/8 conj', un=CX, qtd=22, NCM=7013.49.00, origem=2 || Bling Matriz KIT3S099: nome='Conjunto 03 pçs pote hermético (640ml, 1050ml, 1520ml) - CX c/8 conj', un=UN, origem=0, ncm=7013.49.00 || Planilha: ESTOQUE desc='Kit 3pç (640+1050+1520ml) Retangular' ncm='7013.49.00' || REGRA: Padrão KIT3S099 sugere kit com 3 peças, mas componente base S099/capacidade não está provado por cadastro fiscal; cadastro Matriz origem=0 pendente, bloqueia uso final até saneamento || PLANILHA 20260501: Planilha: Kit retangular (640+1050+1520ml); MELI mostra componentes YW640/YW1050/YW1520AZ; NCM 7013.49.00 GB IMPORTADORA.",alta,sim
099,KIT3S099,KIT3S099,,YW1050,1,7013.49.00,1,2,0,,UN,"NF 000598: desc='Conjunto 03 pçs pote hermético (640ml, 1050ml, 1520ml) - CX c/8 conj', un=UN, qtd=12, NCM=7013.49.00, origem=0 || NF 000648: desc='Conjunto 03 pçs pote hermético (640ml, 1050ml, 1520ml) - CX c/8 conj', un=CX, qtd=25, NCM=7013.49.00, origem=2 || NF 000649: desc='Conjunto 03 pçs pote hermético (640ml, 1050ml, 1520ml) - CX c/8 conj', un=CX, qtd=22, NCM=7013.49.00, origem=2 || Bling Matriz KIT3S099: nome='Conjunto 03 pçs pote hermético (640ml, 1050ml, 1520ml) - CX c/8 conj', un=UN, origem=0, ncm=7013.49.00 || Planilha: ESTOQUE desc='Kit 3pç (640+1050+1520ml) Retangular' ncm='7013.49.00' || REGRA: Padrão KIT3S099 sugere kit com 3 peças, mas componente base S099/capacidade não está provado por cadastro fiscal; cadastro Matriz origem=0 pendente, bloqueia uso final até saneamento || PLANILHA 20260501: Planilha: Kit retangular (640+1050+1520ml); MELI mostra componentes YW640/YW1050/YW1520AZ; NCM 7013.49.00 GB IMPORTADORA.",alta,sim
099,KIT3S099,KIT3S099,,YW1520,1,7013.49.00,1,2,0,,UN,"NF 000598: desc='Conjunto 03 pçs pote hermético (640ml, 1050ml, 1520ml) - CX c/8 conj', un=UN, qtd=12, NCM=7013.49.00, origem=0 || NF 000648: desc='Conjunto 03 pçs pote hermético (640ml, 1050ml, 1520ml) - CX c/8 conj', un=CX, qtd=25, NCM=7013.49.00, origem=2 || NF 000649: desc='Conjunto 03 pçs pote hermético (640ml, 1050ml, 1520ml) - CX c/8 conj', un=CX, qtd=22, NCM=7013.49.00, origem=2 || Bling Matriz KIT3S099: nome='Conjunto 03 pçs pote hermético (640ml, 1050ml, 1520ml) - CX c/8 conj', un=UN, origem=0, ncm=7013.49.00 || Planilha: ESTOQUE desc='Kit 3pç (640+1050+1520ml) Retangular' ncm='7013.49.00' || REGRA: Padrão KIT3S099 sugere kit com 3 peças, mas componente base S099/capacidade não está provado por cadastro fiscal; cadastro Matriz origem=0 pendente, bloqueia uso final até saneamento || PLANILHA 20260501: Planilha: Kit retangular (640+1050+1520ml); MELI mostra componentes YW640/YW1050/YW1520AZ; NCM 7013.49.00 GB IMPORTADORA.",alta,sim
KIT6S100,KIT6S100,KIT6S100,,YW640,2,7013.49.00,1,2,1,,UN,"NF 000598: desc='Conjunto 06 pçs pote hermético (640ml x2, 1050ml x2, 1520ml x2) - CX c/4 conj', un=UN, qtd=12, NCM=7013.49.00, origem=1 || NF 000648: desc='Conjunto 06 pçs pote hermético (640ml x2, 1050ml x2, 1520ml x2) - CX c/4 conj', un=CX, qtd=50, NCM=7013.49.00, origem=2 || NF 000649: desc='Conjunto 06 pçs pote hermético (640ml x2, 1050ml x2, 1520ml x2) - CX c/4 conj', un=CX, qtd=45, NCM=7013.49.00, origem=2 || Bling Matriz KIT6S100: nome='Conjunto 06 pçs pote hermético (640ml x2, 1050ml x2, 1520ml x2) - CX c/4 conj', un=UN, origem=1, ncm=7013.49.00 || Planilha: ESTOQUE desc='Kit 6pç (2x640+2x1050+2x1520ml) Ret.' ncm='7013.49.00' || REGRA: Padrão KIT6S100 sugere kit com 6 peças, mas componente base S100/capacidade não está provado por cadastro fiscal || PLANILHA 20260501: Planilha: Kit retangular (640+1050+1520ml); MELI mostra componentes YW640/YW1050/YW1520AZ; NCM 7013.49.00 GB IMPORTADORA. Amazon alias 101 observado para KIT6S100.",alta,sim
KIT6S100,KIT6S100,KIT6S100,,YW1050,2,7013.49.00,1,2,1,,UN,"NF 000598: desc='Conjunto 06 pçs pote hermético (640ml x2, 1050ml x2, 1520ml x2) - CX c/4 conj', un=UN, qtd=12, NCM=7013.49.00, origem=1 || NF 000648: desc='Conjunto 06 pçs pote hermético (640ml x2, 1050ml x2, 1520ml x2) - CX c/4 conj', un=CX, qtd=50, NCM=7013.49.00, origem=2 || NF 000649: desc='Conjunto 06 pçs pote hermético (640ml x2, 1050ml x2, 1520ml x2) - CX c/4 conj', un=CX, qtd=45, NCM=7013.49.00, origem=2 || Bling Matriz KIT6S100: nome='Conjunto 06 pçs pote hermético (640ml x2, 1050ml x2, 1520ml x2) - CX c/4 conj', un=UN, origem=1, ncm=7013.49.00 || Planilha: ESTOQUE desc='Kit 6pç (2x640+2x1050+2x1520ml) Ret.' ncm='7013.49.00' || REGRA: Padrão KIT6S100 sugere kit com 6 peças, mas componente base S100/capacidade não está provado por cadastro fiscal || PLANILHA 20260501: Planilha: Kit retangular (640+1050+1520ml); MELI mostra componentes YW640/YW1050/YW1520AZ; NCM 7013.49.00 GB IMPORTADORA. Amazon alias 101 observado para KIT6S100.",alta,sim
KIT6S100,KIT6S100,KIT6S100,,YW1520,2,7013.49.00,1,2,1,,UN,"NF 000598: desc='Conjunto 06 pçs pote hermético (640ml x2, 1050ml x2, 1520ml x2) - CX c/4 conj', un=UN, qtd=12, NCM=7013.49.00, origem=1 || NF 000648: desc='Conjunto 06 pçs pote hermético (640ml x2, 1050ml x2, 1520ml x2) - CX c/4 conj', un=CX, qtd=50, NCM=7013.49.00, origem=2 || NF 000649: desc='Conjunto 06 pçs pote hermético (640ml x2, 1050ml x2, 1520ml x2) - CX c/4 conj', un=CX, qtd=45, NCM=7013.49.00, origem=2 || Bling Matriz KIT6S100: nome='Conjunto 06 pçs pote hermético (640ml x2, 1050ml x2, 1520ml x2) - CX c/4 conj', un=UN, origem=1, ncm=7013.49.00 || Planilha: ESTOQUE desc='Kit 6pç (2x640+2x1050+2x1520ml) Ret.' ncm='7013.49.00' || REGRA: Padrão KIT6S100 sugere kit com 6 peças, mas componente base S100/capacidade não está provado por cadastro fiscal || PLANILHA 20260501: Planilha: Kit retangular (640+1050+1520ml); MELI mostra componentes YW640/YW1050/YW1520AZ; NCM 7013.49.00 GB IMPORTADORA. Amazon alias 101 observado para KIT6S100.",alta,sim
100,KIT6S100,KIT6S100,,YW640,2,7013.49.00,1,2,1,,UN,"NF 000598: desc='Conjunto 06 pçs pote hermético (640ml x2, 1050ml x2, 1520ml x2) - CX c/4 conj', un=UN, qtd=12, NCM=7013.49.00, origem=1 || NF 000648: desc='Conjunto 06 pçs pote hermético (640ml x2, 1050ml x2, 1520ml x2) - CX c/4 conj', un=CX, qtd=50, NCM=7013.49.00, origem=2 || NF 000649: desc='Conjunto 06 pçs pote hermético (640ml x2, 1050ml x2, 1520ml x2) - CX c/4 conj', un=CX, qtd=45, NCM=7013.49.00, origem=2 || Bling Matriz KIT6S100: nome='Conjunto 06 pçs pote hermético (640ml x2, 1050ml x2, 1520ml x2) - CX c/4 conj', un=UN, origem=1, ncm=7013.49.00 || Planilha: ESTOQUE desc='Kit 6pç (2x640+2x1050+2x1520ml) Ret.' ncm='7013.49.00' || REGRA: Padrão KIT6S100 sugere kit com 6 peças, mas componente base S100/capacidade não está provado por cadastro fiscal || PLANILHA 20260501: Planilha: Kit retangular (640+1050+1520ml); MELI mostra componentes YW640/YW1050/YW1520AZ; NCM 7013.49.00 GB IMPORTADORA. Amazon alias 101 observado para KIT6S100.",alta,sim
100,KIT6S100,KIT6S100,,YW1050,2,7013.49.00,1,2,1,,UN,"NF 000598: desc='Conjunto 06 pçs pote hermético (640ml x2, 1050ml x2, 1520ml x2) - CX c/4 conj', un=UN, qtd=12, NCM=7013.49.00, origem=1 || NF 000648: desc='Conjunto 06 pçs pote hermético (640ml x2, 1050ml x2, 1520ml x2) - CX c/4 conj', un=CX, qtd=50, NCM=7013.49.00, origem=2 || NF 000649: desc='Conjunto 06 pçs pote hermético (640ml x2, 1050ml x2, 1520ml x2) - CX c/4 conj', un=CX, qtd=45, NCM=7013.49.00, origem=2 || Bling Matriz KIT6S100: nome='Conjunto 06 pçs pote hermético (640ml x2, 1050ml x2, 1520ml x2) - CX c/4 conj', un=UN, origem=1, ncm=7013.49.00 || Planilha: ESTOQUE desc='Kit 6pç (2x640+2x1050+2x1520ml) Ret.' ncm='7013.49.00' || REGRA: Padrão KIT6S100 sugere kit com 6 peças, mas componente base S100/capacidade não está provado por cadastro fiscal || PLANILHA 20260501: Planilha: Kit retangular (640+1050+1520ml); MELI mostra componentes YW640/YW1050/YW1520AZ; NCM 7013.49.00 GB IMPORTADORA. Amazon alias 101 observado para KIT6S100.",alta,sim
100,KIT6S100,KIT6S100,,YW1520,2,7013.49.00,1,2,1,,UN,"NF 000598: desc='Conjunto 06 pçs pote hermético (640ml x2, 1050ml x2, 1520ml x2) - CX c/4 conj', un=UN, qtd=12, NCM=7013.49.00, origem=1 || NF 000648: desc='Conjunto 06 pçs pote hermético (640ml x2, 1050ml x2, 1520ml x2) - CX c/4 conj', un=CX, qtd=50, NCM=7013.49.00, origem=2 || NF 000649: desc='Conjunto 06 pçs pote hermético (640ml x2, 1050ml x2, 1520ml x2) - CX c/4 conj', un=CX, qtd=45, NCM=7013.49.00, origem=2 || Bling Matriz KIT6S100: nome='Conjunto 06 pçs pote hermético (640ml x2, 1050ml x2, 1520ml x2) - CX c/4 conj', un=UN, origem=1, ncm=7013.49.00 || Planilha: ESTOQUE desc='Kit 6pç (2x640+2x1050+2x1520ml) Ret.' ncm='7013.49.00' || REGRA: Padrão KIT6S100 sugere kit com 6 peças, mas componente base S100/capacidade não está provado por cadastro fiscal || PLANILHA 20260501: Planilha: Kit retangular (640+1050+1520ml); MELI mostra componentes YW640/YW1050/YW1520AZ; NCM 7013.49.00 GB IMPORTADORA. Amazon alias 101 observado para KIT6S100.",alta,sim
101,KIT6S100,KIT6S100,,YW640,2,7013.49.00,1,2,1,,UN,"NF 000598: desc='Conjunto 06 pçs pote hermético (640ml x2, 1050ml x2, 1520ml x2) - CX c/4 conj', un=UN, qtd=12, NCM=7013.49.00, origem=1 || NF 000648: desc='Conjunto 06 pçs pote hermético (640ml x2, 1050ml x2, 1520ml x2) - CX c/4 conj', un=CX, qtd=50, NCM=7013.49.00, origem=2 || NF 000649: desc='Conjunto 06 pçs pote hermético (640ml x2, 1050ml x2, 1520ml x2) - CX c/4 conj', un=CX, qtd=45, NCM=7013.49.00, origem=2 || Bling Matriz KIT6S100: nome='Conjunto 06 pçs pote hermético (640ml x2, 1050ml x2, 1520ml x2) - CX c/4 conj', un=UN, origem=1, ncm=7013.49.00 || Planilha: ESTOQUE desc='Kit 6pç (2x640+2x1050+2x1520ml) Ret.' ncm='7013.49.00' || REGRA: Padrão KIT6S100 sugere kit com 6 peças, mas componente base S100/capacidade não está provado por cadastro fiscal || PLANILHA 20260501: Planilha: Kit retangular (640+1050+1520ml); MELI mostra componentes YW640/YW1050/YW1520AZ; NCM 7013.49.00 GB IMPORTADORA. Amazon alias 101 observado para KIT6S100.",alta,sim
101,KIT6S100,KIT6S100,,YW1050,2,7013.49.00,1,2,1,,UN,"NF 000598: desc='Conjunto 06 pçs pote hermético (640ml x2, 1050ml x2, 1520ml x2) - CX c/4 conj', un=UN, qtd=12, NCM=7013.49.00, origem=1 || NF 000648: desc='Conjunto 06 pçs pote hermético (640ml x2, 1050ml x2, 1520ml x2) - CX c/4 conj', un=CX, qtd=50, NCM=7013.49.00, origem=2 || NF 000649: desc='Conjunto 06 pçs pote hermético (640ml x2, 1050ml x2, 1520ml x2) - CX c/4 conj', un=CX, qtd=45, NCM=7013.49.00, origem=2 || Bling Matriz KIT6S100: nome='Conjunto 06 pçs pote hermético (640ml x2, 1050ml x2, 1520ml x2) - CX c/4 conj', un=UN, origem=1, ncm=7013.49.00 || Planilha: ESTOQUE desc='Kit 6pç (2x640+2x1050+2x1520ml) Ret.' ncm='7013.49.00' || REGRA: Padrão KIT6S100 sugere kit com 6 peças, mas componente base S100/capacidade não está provado por cadastro fiscal || PLANILHA 20260501: Planilha: Kit retangular (640+1050+1520ml); MELI mostra componentes YW640/YW1050/YW1520AZ; NCM 7013.49.00 GB IMPORTADORA. Amazon alias 101 observado para KIT6S100.",alta,sim
101,KIT6S100,KIT6S100,,YW1520,2,7013.49.00,1,2,1,,UN,"NF 000598: desc='Conjunto 06 pçs pote hermético (640ml x2, 1050ml x2, 1520ml x2) - CX c/4 conj', un=UN, qtd=12, NCM=7013.49.00, origem=1 || NF 000648: desc='Conjunto 06 pçs pote hermético (640ml x2, 1050ml x2, 1520ml x2) - CX c/4 conj', un=CX, qtd=50, NCM=7013.49.00, origem=2 || NF 000649: desc='Conjunto 06 pçs pote hermético (640ml x2, 1050ml x2, 1520ml x2) - CX c/4 conj', un=CX, qtd=45, NCM=7013.49.00, origem=2 || Bling Matriz KIT6S100: nome='Conjunto 06 pçs pote hermético (640ml x2, 1050ml x2, 1520ml x2) - CX c/4 conj', un=UN, origem=1, ncm=7013.49.00 || Planilha: ESTOQUE desc='Kit 6pç (2x640+2x1050+2x1520ml) Ret.' ncm='7013.49.00' || REGRA: Padrão KIT6S100 sugere kit com 6 peças, mas componente base S100/capacidade não está provado por cadastro fiscal || PLANILHA 20260501: Planilha: Kit retangular (640+1050+1520ml); MELI mostra componentes YW640/YW1050/YW1520AZ; NCM 7013.49.00 GB IMPORTADORA. Amazon alias 101 observado para KIT6S100.",alta,sim
KIT9S101,KIT9S101,KIT9S101,,YW640,3,7013.49.00,1,2,1,,UN,"NF 000598: desc='Conjunto 09 pçs pote hermético (640ml x3, 1050ml x3, 1520ml x3) - CX c/2 conj', un=UN, qtd=50, NCM=7013.49.00, origem=1 || NF 000648: desc='Conjunto 09 pçs pote hermético (640ml x3, 1050ml x3, 1520ml x3) - CX c/2 conj', un=CX, qtd=100, NCM=7013.49.00, origem=2 || NF 000649: desc='Conjunto 09 pçs pote hermético (640ml x3, 1050ml x3, 1520ml x3) - CX c/2 conj', un=CX, qtd=90, NCM=7013.49.00, origem=2 || Bling Matriz KIT9S101: nome='Conjunto 09 pçs pote hermético (640ml x3, 1050ml x3, 1520ml x3) - CX c/2 conj', un=UN, origem=1, ncm=7013.49.00 || Planilha: ESTOQUE desc='Kit 9pç (3x640+3x1050+3x1520ml) Ret.' ncm='7013.49.00' || REGRA: Padrão KIT9S101 sugere kit com 9 peças, mas componente base S101/capacidade não está provado por cadastro fiscal || PLANILHA 20260501: Planilha: Kit retangular (640+1050+1520ml); MELI mostra componentes YW640/YW1050/YW1520AZ; NCM 7013.49.00 GB IMPORTADORA. Amazon alias 102 observado para KIT9S101.",alta,sim
KIT9S101,KIT9S101,KIT9S101,,YW1050,3,7013.49.00,1,2,1,,UN,"NF 000598: desc='Conjunto 09 pçs pote hermético (640ml x3, 1050ml x3, 1520ml x3) - CX c/2 conj', un=UN, qtd=50, NCM=7013.49.00, origem=1 || NF 000648: desc='Conjunto 09 pçs pote hermético (640ml x3, 1050ml x3, 1520ml x3) - CX c/2 conj', un=CX, qtd=100, NCM=7013.49.00, origem=2 || NF 000649: desc='Conjunto 09 pçs pote hermético (640ml x3, 1050ml x3, 1520ml x3) - CX c/2 conj', un=CX, qtd=90, NCM=7013.49.00, origem=2 || Bling Matriz KIT9S101: nome='Conjunto 09 pçs pote hermético (640ml x3, 1050ml x3, 1520ml x3) - CX c/2 conj', un=UN, origem=1, ncm=7013.49.00 || Planilha: ESTOQUE desc='Kit 9pç (3x640+3x1050+3x1520ml) Ret.' ncm='7013.49.00' || REGRA: Padrão KIT9S101 sugere kit com 9 peças, mas componente base S101/capacidade não está provado por cadastro fiscal || PLANILHA 20260501: Planilha: Kit retangular (640+1050+1520ml); MELI mostra componentes YW640/YW1050/YW1520AZ; NCM 7013.49.00 GB IMPORTADORA. Amazon alias 102 observado para KIT9S101.",alta,sim
KIT9S101,KIT9S101,KIT9S101,,YW1520,3,7013.49.00,1,2,1,,UN,"NF 000598: desc='Conjunto 09 pçs pote hermético (640ml x3, 1050ml x3, 1520ml x3) - CX c/2 conj', un=UN, qtd=50, NCM=7013.49.00, origem=1 || NF 000648: desc='Conjunto 09 pçs pote hermético (640ml x3, 1050ml x3, 1520ml x3) - CX c/2 conj', un=CX, qtd=100, NCM=7013.49.00, origem=2 || NF 000649: desc='Conjunto 09 pçs pote hermético (640ml x3, 1050ml x3, 1520ml x3) - CX c/2 conj', un=CX, qtd=90, NCM=7013.49.00, origem=2 || Bling Matriz KIT9S101: nome='Conjunto 09 pçs pote hermético (640ml x3, 1050ml x3, 1520ml x3) - CX c/2 conj', un=UN, origem=1, ncm=7013.49.00 || Planilha: ESTOQUE desc='Kit 9pç (3x640+3x1050+3x1520ml) Ret.' ncm='7013.49.00' || REGRA: Padrão KIT9S101 sugere kit com 9 peças, mas componente base S101/capacidade não está provado por cadastro fiscal || PLANILHA 20260501: Planilha: Kit retangular (640+1050+1520ml); MELI mostra componentes YW640/YW1050/YW1520AZ; NCM 7013.49.00 GB IMPORTADORA. Amazon alias 102 observado para KIT9S101.",alta,sim
102,KIT9S101,KIT9S101,,YW640,3,7013.49.00,1,2,1,,UN,"NF 000598: desc='Conjunto 09 pçs pote hermético (640ml x3, 1050ml x3, 1520ml x3) - CX c/2 conj', un=UN, qtd=50, NCM=7013.49.00, origem=1 || NF 000648: desc='Conjunto 09 pçs pote hermético (640ml x3, 1050ml x3, 1520ml x3) - CX c/2 conj', un=CX, qtd=100, NCM=7013.49.00, origem=2 || NF 000649: desc='Conjunto 09 pçs pote hermético (640ml x3, 1050ml x3, 1520ml x3) - CX c/2 conj', un=CX, qtd=90, NCM=7013.49.00, origem=2 || Bling Matriz KIT9S101: nome='Conjunto 09 pçs pote hermético (640ml x3, 1050ml x3, 1520ml x3) - CX c/2 conj', un=UN, origem=1, ncm=7013.49.00 || Planilha: ESTOQUE desc='Kit 9pç (3x640+3x1050+3x1520ml) Ret.' ncm='7013.49.00' || REGRA: Padrão KIT9S101 sugere kit com 9 peças, mas componente base S101/capacidade não está provado por cadastro fiscal || PLANILHA 20260501: Planilha: Kit retangular (640+1050+1520ml); MELI mostra componentes YW640/YW1050/YW1520AZ; NCM 7013.49.00 GB IMPORTADORA. Amazon alias 102 observado para KIT9S101.",alta,sim
102,KIT9S101,KIT9S101,,YW1050,3,7013.49.00,1,2,1,,UN,"NF 000598: desc='Conjunto 09 pçs pote hermético (640ml x3, 1050ml x3, 1520ml x3) - CX c/2 conj', un=UN, qtd=50, NCM=7013.49.00, origem=1 || NF 000648: desc='Conjunto 09 pçs pote hermético (640ml x3, 1050ml x3, 1520ml x3) - CX c/2 conj', un=CX, qtd=100, NCM=7013.49.00, origem=2 || NF 000649: desc='Conjunto 09 pçs pote hermético (640ml x3, 1050ml x3, 1520ml x3) - CX c/2 conj', un=CX, qtd=90, NCM=7013.49.00, origem=2 || Bling Matriz KIT9S101: nome='Conjunto 09 pçs pote hermético (640ml x3, 1050ml x3, 1520ml x3) - CX c/2 conj', un=UN, origem=1, ncm=7013.49.00 || Planilha: ESTOQUE desc='Kit 9pç (3x640+3x1050+3x1520ml) Ret.' ncm='7013.49.00' || REGRA: Padrão KIT9S101 sugere kit com 9 peças, mas componente base S101/capacidade não está provado por cadastro fiscal || PLANILHA 20260501: Planilha: Kit retangular (640+1050+1520ml); MELI mostra componentes YW640/YW1050/YW1520AZ; NCM 7013.49.00 GB IMPORTADORA. Amazon alias 102 observado para KIT9S101.",alta,sim
102,KIT9S101,KIT9S101,,YW1520,3,7013.49.00,1,2,1,,UN,"NF 000598: desc='Conjunto 09 pçs pote hermético (640ml x3, 1050ml x3, 1520ml x3) - CX c/2 conj', un=UN, qtd=50, NCM=7013.49.00, origem=1 || NF 000648: desc='Conjunto 09 pçs pote hermético (640ml x3, 1050ml x3, 1520ml x3) - CX c/2 conj', un=CX, qtd=100, NCM=7013.49.00, origem=2 || NF 000649: desc='Conjunto 09 pçs pote hermético (640ml x3, 1050ml x3, 1520ml x3) - CX c/2 conj', un=CX, qtd=90, NCM=7013.49.00, origem=2 || Bling Matriz KIT9S101: nome='Conjunto 09 pçs pote hermético (640ml x3, 1050ml x3, 1520ml x3) - CX c/2 conj', un=UN, origem=1, ncm=7013.49.00 || Planilha: ESTOQUE desc='Kit 9pç (3x640+3x1050+3x1520ml) Ret.' ncm='7013.49.00' || REGRA: Padrão KIT9S101 sugere kit com 9 peças, mas componente base S101/capacidade não está provado por cadastro fiscal || PLANILHA 20260501: Planilha: Kit retangular (640+1050+1520ml); MELI mostra componentes YW640/YW1050/YW1520AZ; NCM 7013.49.00 GB IMPORTADORA. Amazon alias 102 observado para KIT9S101.",alta,sim
KIT2CK4742_B,CK4742,,,EXCLUIDO_CK4742,0,7013.49.00/inconsistente,N/A,N/A,,,N/A,"DECISÃO PEDRO 2026-05-01: Jarra Clink/CK4742 não é importação própria da GB; excluir de NFs fiscais de importados. Se kit combinado CK4742_B / YW520SQ aparecer, descartar a parte CK4742 e tratar somente componente YW se houver SKU separado confiável.",baixa,nao
CK4742_B / YW520SQ,CK4742,,,EXCLUIDO_CK4742,0,7013.49.00/inconsistente,N/A,N/A,,,N/A,"DECISÃO PEDRO 2026-05-01: Jarra Clink/CK4742 não é importação própria da GB; excluir de NFs fiscais de importados. Se kit combinado CK4742_B / YW520SQ aparecer, descartar a parte CK4742 e tratar somente componente YW se houver SKU separado confiável.",baixa,nao
-------,CK4742,,,EXCLUIDO_CK4742,0,7013.49.00/inconsistente,N/A,N/A,,,N/A,"DECISÃO PEDRO 2026-05-01: Jarra Clink/CK4742 não é importação própria da GB; excluir de NFs fiscais de importados. Se kit combinado CK4742_B / YW520SQ aparecer, descartar a parte CK4742 e tratar somente componente YW se houver SKU separado confiável.",baixa,nao
